Value,PM2.5,PM10,NO2,SO2,CO,O3,hour,is_weekend,lag_1,lag_2,lag_3,rolling_mean_3,rolling_std_3
79.0,33.552160823023044,61.84139934567519,47.73285234233169,16.36445628426372,1.321474966382693,71.47280051937551,4,0,79.0,64.0,62.0,74.0,8.660254037844389
79.0,40.6211097994847,58.29581896549166,51.04044121731194,17.135702738509487,1.624703384507133,54.6080853519145,5,0,79.0,79.0,64.0,79.0,0.0
72.0,41.08142524270762,72.37099100411618,68.99133526533248,14.828185884163917,1.156327478872556,75.53055282407017,6,0,79.0,79.0,79.0,76.66666666666667,4.041451884327389
68.0,33.468814457738524,55.21414901834727,43.63987412117865,17.818128120004626,1.0827597248176124,85.1586452277553,7,0,72.0,79.0,79.0,73.0,5.5677643628300295
67.0,28.73417794321547,65.6228900363469,35.37808952905305,17.341547963878124,1.0783597261928606,76.01570951417423,8,0,68.0,72.0,79.0,69.0,2.645751311064606
66.0,39.02863971909424,49.68127013622311,48.36916702003983,17.22116670386402,1.5804694658882168,64.1358902368012,9,0,67.0,68.0,72.0,67.0,1.0000000000000409
67.0,31.11780654618521,45.65218453478317,44.24949480551477,16.67103583750278,0.9370943541219916,66.22798757700912,10,0,66.0,67.0,68.0,66.66666666666667,0.5773502691896955
64.0,22.22570013453137,51.6394343472202,56.49969695676948,10.50363864380938,1.9600873661439464,94.76223707935492,11,0,67.0,66.0,67.0,65.66666666666667,1.5275252316519754
50.0,19.403897464770537,15.79569082941874,19.077353603836205,6.572238538352102,0.1942909598309627,32.36661612182576,12,0,64.0,67.0,66.0,60.333333333333336,9.073771725877473
45.0,15.425611969901563,35.55093174776143,27.052648754822563,7.6548917983472125,0.8020484264817294,12.507458627079991,13,0,50.0,64.0,67.0,53.0,9.848857801796111
40.0,14.647875663855356,16.78425021408053,23.00212234219648,3.6682478851875207,0.8571082314693513,39.9481252927993,14,0,45.0,50.0,64.0,45.0,5.0000000000000115
36.0,6.682117780102912,37.84295992172626,11.22987047940546,9.35049179560615,0.5276384477194438,21.849320309939344,15,0,40.0,45.0,50.0,40.333333333333336,4.509249752822908
36.0,8.38427429938901,38.31352547882878,15.60630594225042,9.968716813027402,0.8486337812334436,18.48096141454112,16,0,36.0,40.0,45.0,37.333333333333336,2.3094010767585322
36.0,7.216665632955026,22.11070644953697,19.049223907983727,2.397311229611442,0.5557387097963882,31.760641373827724,17,0,36.0,36.0,40.0,36.0,0.0
38.0,14.011082492791676,16.075999435257046,21.171207890748477,2.092994878279331,0.913640388402077,47.86343541485868,18,0,36.0,36.0,36.0,36.666666666666664,1.1547005383793125
36.0,12.561763948550482,19.131746924760268,12.707000850094362,2.244144965232601,0.761650732251333,42.36471566371204,19,0,38.0,36.0,36.0,36.666666666666664,1.1547005383793125
38.0,7.554467332235095,22.17253079582044,11.155357713129604,3.1495506354397387,0.4956337902566824,48.63105537209878,20,0,36.0,38.0,36.0,37.333333333333336,1.1547005383793125
39.0,8.335717082153142,29.407930210705825,19.982882893927417,2.7841536997745697,0.6564778390956953,28.72542041185403,21,0,38.0,36.0,38.0,37.666666666666664,1.527525231651994
46.0,17.539818518600264,28.53376903990088,9.561750510244805,5.864134166850963,0.8798010446420427,42.14882631292546,22,0,39.0,38.0,36.0,41.0,4.358898943540691
49.0,13.912560346448265,37.78267466144686,23.98401411234975,3.547694063132414,0.8922092459606459,43.230195496792845,23,0,46.0,39.0,38.0,44.666666666666664,5.131601439446899
55.0,32.31645098882558,55.48429377190095,36.43576586347167,15.352200426551358,1.123941916445944,63.57224137936844,24,0,49.0,46.0,39.0,50.0,4.5825756949558585
59.0,26.476558074968292,68.32884079083426,52.20717353724325,10.773406991602284,0.8909242883061426,66.17325555614069,1,0,55.0,49.0,46.0,54.333333333333336,5.033222956847182
61.0,33.0632334808827,66.66601462377722,39.64045217555866,15.592833160841638,1.9894594113372968,90.8205411750845,2,0,59.0,55.0,49.0,58.333333333333336,3.0550504633039175
58.0,35.6492591105286,48.45684372467578,60.68486419258778,11.868041261813913,1.5777378857119646,56.88830796223776,3,0,61.0,59.0,55.0,59.333333333333336,1.527525231651994
52.0,43.72673567375344,65.3091098100176,36.76872900067772,10.678700716496436,0.7828056675703705,75.39326055371133,4,0,58.0,61.0,59.0,57.0,4.582575694955856
49.0,13.943993384813298,25.751984183942,27.86076309485992,3.8022429531420094,0.4899049684859921,22.89734102623936,5,0,52.0,58.0,61.0,53.0,4.582575694955856
44.0,9.631328757831348,20.704123926626917,7.611221383359869,9.137191010708442,0.5780147933455936,33.77982422837188,6,0,49.0,52.0,58.0,48.333333333333336,4.041451884327399
45.0,6.057570195526818,10.718974563154628,13.603325684493235,3.60686536029676,0.624209462201053,42.471385223632986,7,0,44.0,49.0,52.0,46.0,2.6457513110646205
43.0,8.294668676221356,10.99216634104277,23.01492850029925,8.405628152179911,0.1029797389810325,35.30967716452213,8,0,45.0,44.0,49.0,44.0,1.000000000000079
40.0,13.27986076626549,22.17967463689688,29.9117996751286,6.360961678604097,0.7809430633887169,43.879992397257766,9,0,43.0,45.0,44.0,42.666666666666664,2.5166114784236138
39.0,11.91868292680671,10.042136419803962,16.89039537982305,8.644821799356087,0.3741437829946895,43.12534107266719,10,0,40.0,43.0,45.0,40.666666666666664,2.0816659994661677
36.0,10.347316848161576,32.57581829091724,22.68638261711281,4.794895754446207,0.6409642701743068,10.247656692222794,11,0,39.0,40.0,43.0,38.333333333333336,2.0816659994661677
38.0,6.8525857155231,14.972961458569335,14.389600532033354,4.036357953063249,0.6918241514649363,38.27309376856459,12,0,36.0,39.0,40.0,37.666666666666664,1.5275252316519956
39.0,13.494363169083964,25.45860400020173,6.293580045411924,6.958286559680019,0.29300556023701,18.90774163124992,13,0,38.0,36.0,39.0,37.666666666666664,1.5275252316519956
43.0,10.562770523285366,15.926662900927653,24.27318744670834,2.1169870132931914,0.2464478606135231,25.819626789529405,14,0,39.0,38.0,36.0,40.0,2.6457513110646196
48.0,16.884105822504075,38.72633487185419,14.346437978212444,4.971269964827365,0.3685884639605226,16.140513412922136,15,0,43.0,39.0,38.0,43.333333333333336,4.50924975282291
53.0,41.58671812115572,62.90821668101448,34.76021537709946,13.123729073743013,0.656471256684984,97.16214642291864,16,0,48.0,43.0,39.0,48.0,5.000000000000013
57.0,48.516284215313874,73.94420462693773,57.96662419778708,14.800143581864134,1.7242858170845092,97.37253424608704,17,0,53.0,48.0,43.0,52.666666666666664,4.50924975282291
60.0,48.02580698032905,61.71650408910225,49.76979690639343,19.29958358763237,1.3684863289478724,81.6501464758469,18,0,57.0,53.0,48.0,56.666666666666664,3.5118845842842688
53.0,29.85377885093236,70.18198472579147,39.70759743426788,11.592494098173532,0.990855983247818,81.3082052660554,19,0,60.0,57.0,53.0,56.666666666666664,3.5118845842842688
50.0,16.82175041233101,29.07639783866209,5.912381372051446,7.568323858370306,0.5767638978213098,14.64820950046082,20,0,53.0,60.0,57.0,54.333333333333336,5.1316014394469
56.0,23.558680896567765,59.617272656646485,43.002873386603895,14.11607723321504,0.9500205620653466,94.26029267554836,21,0,50.0,53.0,60.0,53.0,3.0000000000000298
61.0,32.51165196834114,50.81976086255251,64.56549247398215,18.57840233903939,1.9666426566884485,64.10280433538725,22,0,56.0,50.0,53.0,55.666666666666664,5.507570547286119
57.0,44.81683894630177,61.09946722063414,40.91031722073135,10.533915560238643,1.892871965582546,96.21153460078789,23,0,61.0,56.0,50.0,58.0,2.645751311064628
56.0,46.64190677489353,61.42024853929307,34.1564264756576,19.10221950969587,0.9038702479873806,92.67810732877462,24,0,57.0,61.0,56.0,58.0,2.645751311064628
60.0,24.810321448035243,58.56888313468737,35.80412843578393,16.927555288761297,1.0906567309715147,79.21585100651748,1,0,56.0,57.0,61.0,57.666666666666664,2.0816659994661815
56.0,28.531674640973435,41.41281441819582,57.6370501702762,17.631648232863938,0.9601234735710676,57.98766260876506,2,0,60.0,56.0,57.0,57.333333333333336,2.3094010767585478
56.0,33.52383582998005,47.73590582017033,44.72238543075987,18.1978063518931,0.5619049094657215,88.17310346599879,3,0,56.0,60.0,56.0,57.333333333333336,2.3094010767585478
55.0,49.40636238192094,52.01015081060604,31.74984208329645,11.923068276136789,0.711952321416877,68.68715100655305,4,0,56.0,56.0,60.0,55.666666666666664,0.5773502691898078
56.0,42.44714750562604,62.9361952559816,67.6236343557506,19.624516991448665,1.6434776176340262,97.00633798543498,5,0,55.0,56.0,56.0,55.666666666666664,0.5773502691898078
56.0,34.89030984537329,64.71002311330253,38.32053489492158,10.63278077535906,1.811632156670428,60.64975250159793,6,0,56.0,55.0,56.0,55.666666666666664,0.5773502691898078
62.0,45.33854593225968,61.80267381329867,35.18540355084368,13.494694703441382,0.9776304227451031,57.27158373153689,7,0,56.0,56.0,55.0,58.0,3.464101615137785
65.0,29.9807279575874,60.28443268984731,48.95948283699815,19.923198896197555,1.5488993054320437,89.40671928759392,8,0,62.0,56.0,56.0,61.0,4.582575694955863
79.0,46.97181152417688,61.049567576490205,45.43309642444157,14.233222055890042,1.4507420845723784,64.36652420307136,9,0,65.0,62.0,56.0,68.66666666666667,9.073771725877476
79.0,41.50046813004265,73.42339741964142,62.61865513852263,13.622147051212655,1.7052157312581273,84.50974222072642,10,0,79.0,65.0,62.0,74.33333333333333,8.082903768654772
75.0,23.721680227650086,74.33854255698492,61.8457858108642,12.06277396289508,1.5593169170392844,98.22626344674882,11,0,79.0,79.0,65.0,77.66666666666667,2.3094010767585513
71.0,45.98093105757826,75.24574242612684,48.04938169365701,10.527546913419169,0.8912320338811289,75.87781178881283,12,0,75.0,79.0,79.0,75.0,4.000000000000028
67.0,24.36145886515116,57.64459156467146,53.63137343091672,14.890901484617006,1.089383994280727,87.72979292133977,13,0,71.0,75.0,79.0,71.0,4.000000000000028
68.0,22.809096324839626,65.59325276102129,51.82586044528274,18.658209539408887,1.6127052048798023,92.1313253431242,14,0,67.0,71.0,75.0,68.66666666666667,2.081665999466188
67.0,43.78025319525393,62.38304192878073,32.784861362211075,18.56099453542489,1.1953665977510726,51.82345240385592,15,0,68.0,67.0,71.0,67.33333333333333,0.5773502691898309
71.0,24.28869809762717,57.01891527955783,53.2925475833983,14.45096426836276,1.6530564609673992,58.965187001538446,16,0,67.0,68.0,67.0,68.66666666666667,2.081665999466188
79.0,177.8300518565938,280.76583354336674,264.95782800024926,104.70778541350856,6.246180557479059,270.23786710860145,17,0,71.0,67.0,68.0,72.33333333333333,6.1101009266078075
79.0,416.47624396586025,543.9472488398308,483.3776545804353,182.41448281303292,19.725225232000337,386.4278711230216,18,0,79.0,71.0,67.0,76.33333333333333,4.618802153517036
42.0,7.475095226407511,25.51029530252132,17.801075431059587,2.9382789454778173,0.5099339549646468,19.38632280166772,19,0,79.0,79.0,71.0,66.66666666666667,21.36195996001616
52.0,45.75763935873309,66.48765226836221,60.178965658929,11.148143933321258,1.268965305138906,51.55448908625615,20,0,42.0,79.0,79.0,57.666666666666664,19.139836293274136
59.0,30.518256527825727,79.04947063051414,41.26244879062524,12.757087648402967,1.827868197669224,78.65460475564393,21,0,52.0,42.0,79.0,51.0,8.544003745317564
52.0,37.42219013032108,78.72954770070088,39.45941364528701,12.540992404694476,1.9319660551129252,56.27825477042581,22,0,59.0,52.0,42.0,54.333333333333336,4.041451884327439
58.0,23.49414040606109,78.04203487005839,64.90776404125452,16.853093673819735,1.1487098085593352,92.39955671742138,23,0,52.0,59.0,52.0,56.333333333333336,3.7859388972002375
72.0,36.27315050731762,43.920780230156254,53.87513507810642,12.217070254094986,0.6874460892953033,54.04682294471625,24,0,58.0,52.0,59.0,60.666666666666664,10.263202878893782
65.0,21.022103994237536,60.70127927872271,49.45694672740789,16.91949989440873,0.702969651355709,79.15863537813013,1,1,72.0,58.0,52.0,65.0,7.00000000000001
79.0,369.33349711370494,306.061317529074,333.37310747491,131.44415873370778,16.997338009239932,393.43647521459457,2,1,65.0,72.0,58.0,72.0,6.999999999999985
39.0,8.019542521235834,32.00564311080085,21.000098284941377,2.727954128269393,0.2176467894859399,12.072178431494851,3,1,79.0,65.0,72.0,61.0,20.29778313018445
37.0,16.891743009907433,35.01957174499843,15.05404184729722,4.414947228741359,0.1324100025324674,22.19974358769997,4,1,39.0,79.0,65.0,51.666666666666664,23.69247419188917
38.0,8.737294041667457,21.088296007556004,12.69218873974146,5.899132180255648,0.1134453497832163,37.56183022396037,5,1,37.0,39.0,79.0,38.0,1.0000000000008527
38.0,13.02217853787334,21.64792391255618,13.957320668274871,9.443124242546393,0.5641882194203595,45.386640528643134,6,1,38.0,37.0,39.0,37.666666666666664,0.5773502691911205
36.0,13.134698011580904,35.139506302783246,9.41985068853419,9.43164576510106,0.6258230398193856,10.278637280967065,7,1,38.0,38.0,37.0,37.333333333333336,1.154700538380006
38.0,13.873503738639355,39.46718264867162,16.622800507618365,9.92530633204921,0.8812593056231947,10.316647781999206,8,1,36.0,38.0,38.0,37.333333333333336,1.154700538380006
36.0,9.517184058419025,38.41224146803656,15.58663595379066,5.013024105739636,0.2223558671699629,27.74276454409363,9,1,38.0,36.0,38.0,36.666666666666664,1.154700538380022
79.0,36.055381988139374,50.74135269095471,50.459715258871285,12.36884305323888,0.9493147802340554,65.71463029652443,10,1,36.0,38.0,36.0,51.0,24.26932219902321
77.0,40.22061528929613,57.99616895797856,49.25468068375995,13.799447970982667,1.2724484933624027,63.5926699294541,11,1,79.0,36.0,38.0,64.0,24.2693221990232
57.0,48.49231115793015,79.1080083416129,52.9513445936995,19.974521614794824,0.8881119152997119,82.05492552615824,12,1,77.0,79.0,36.0,71.0,12.165525060596435
56.0,21.21992881202712,67.10672727180126,41.287480665018215,18.35266989863822,0.5013831277999163,75.4008116523891,13,1,57.0,77.0,79.0,63.333333333333336,11.846237095944586
53.0,36.07294286030641,75.23000153337692,52.675167671129,11.347658747235569,1.24220017689967,90.5664106781114,14,1,56.0,57.0,77.0,55.333333333333336,2.081665999466298
48.0,9.639798801363426,35.63067740465533,16.588255431072792,3.4913937406578803,0.2308458853186374,14.789480593070996,15,1,53.0,56.0,57.0,52.333333333333336,4.041451884327485
55.0,23.05929521869142,55.71977521297717,33.78038660030948,10.437982882869496,1.7684101068268885,70.78721455198784,16,1,48.0,53.0,56.0,52.0,3.6055512754641077
57.0,49.16020446854377,50.31784294193774,30.525744096171216,15.996792647105403,0.6045066766172476,74.57548207333372,17,1,55.0,48.0,53.0,53.333333333333336,4.725815626252691
38.0,6.495778102112206,25.84313199166023,13.157922107901449,9.43807025441582,0.5989219948445156,37.77014961098126,18,1,57.0,55.0,48.0,50.0,10.440306508910599
36.0,6.0648997138977165,34.0870042243972,16.897978103403013,7.228285295531091,0.3681524788978007,47.15684241955751,19,1,38.0,57.0,55.0,43.666666666666664,11.590225767142533
39.0,11.353500548036516,14.474265504225468,22.591836585922888,7.259275272663675,0.9933174783672676,45.87519754936946,20,1,36.0,38.0,57.0,37.666666666666664,1.5275252316525112
41.0,7.805752898372713,17.320504493440637,8.084334499345776,7.641146034112543,0.3920986328559644,47.753597045288245,21,1,39.0,36.0,38.0,38.666666666666664,2.516611478423915
63.0,30.03293210096849,54.62771349527445,36.02213963465155,12.556439762217362,0.5391768869478302,92.8776781809159,22,1,41.0,39.0,36.0,47.666666666666664,13.31665623695883
79.0,38.64017650322877,47.07884662487523,58.63446250346552,12.905477928381185,1.2877738558005922,64.36480570772876,23,1,63.0,41.0,39.0,61.0,19.078784028338923
72.0,35.88460458144122,66.50197114810683,68.21742728862381,18.64409002992328,1.812603710076952,61.51960127500048,24,1,79.0,63.0,41.0,71.33333333333333,8.020806277010625
79.0,30.78336525829685,78.75851161536897,66.47829978633095,15.53584994899521,1.9115448999331652,58.606036228785534,1,1,72.0,79.0,63.0,76.66666666666667,4.041451884327302
79.0,32.88799949818899,72.84063836064911,45.93152026509271,15.885311806090607,1.1499703112351831,84.65376001244817,2,1,79.0,72.0,79.0,76.66666666666667,4.041451884327302
58.0,25.977317342089915,59.67677760815812,51.23134042999703,11.415200991637295,1.0104151187973636,71.00489184932097,3,1,79.0,79.0,72.0,72.0,12.124355652982123
45.0,11.459912519926252,31.38324079765199,15.186088048580592,9.306973595913153,0.3439140054034032,20.65503341635788,4,1,58.0,79.0,79.0,60.666666666666664,17.156145643277032
66.0,25.29576637396153,64.54480539670253,64.46378307068255,11.083857729461196,1.1432040515588393,69.68437642463162,5,1,45.0,58.0,79.0,56.333333333333336,10.598742063723117
77.0,44.78699646767076,74.02523499912192,48.3280956124411,19.039509700960767,1.2734163118001218,55.721901470566806,6,1,66.0,45.0,58.0,62.666666666666664,16.258331197676267
71.0,20.907268892677287,63.02501588391995,67.75650185684046,12.1317829342448,1.1181524609761886,91.4598797215488,7,1,77.0,66.0,45.0,71.33333333333333,5.507570547286061
61.0,48.83944480065004,77.04969244698616,48.89301459811179,11.857144595063442,0.922095960950994,97.17781340486393,8,1,71.0,77.0,66.0,69.66666666666667,8.082903768654738
46.0,14.745346415505017,26.36271829847582,29.309263754375696,3.5451175146078766,0.9590268683329142,28.09903802103628,9,1,61.0,71.0,77.0,59.333333333333336,12.583057392117924
66.0,40.53240481756717,77.79808910888752,66.16958454965388,19.38101885961251,0.7222165145693766,81.8591921973288,10,1,46.0,61.0,71.0,57.666666666666664,10.408329997330677
63.0,33.563706006975195,42.30518104815792,49.77079069945863,13.562735290964993,1.2440737568188658,89.8693901431506,11,1,66.0,46.0,61.0,58.333333333333336,10.785793124908968
67.0,35.32112755426058,42.566941670040485,44.20387460826949,13.23258443617448,1.0719746198153342,94.64119876264932,12,1,63.0,66.0,46.0,65.33333333333333,2.0816659994660998
69.0,38.23682833375031,61.86390917579547,41.470280508268594,11.119353198836476,1.3498516283662363,70.04266172363872,13,1,67.0,63.0,66.0,66.33333333333333,3.05505046330386
61.0,23.087922167092668,54.68152058085975,43.3841961328538,17.06823345311351,1.1130945282303777,54.51515343009658,14,1,69.0,67.0,63.0,65.66666666666667,4.163331998932245
52.0,43.81176682747456,67.46573335038698,62.14682585251956,19.22028010183824,1.185196820286452,79.13278439788927,15,1,61.0,69.0,67.0,60.666666666666664,8.504900548115389
49.0,10.697893367152783,10.78998455854779,6.513286554463264,9.434207454673668,0.9991016925511896,46.2064323030209,16,1,52.0,61.0,69.0,54.0,6.244997998398438
46.0,10.913624455355386,31.34682449566695,5.279336151469359,7.935839303969616,0.7332128783148304,45.64933428666284,17,1,49.0,52.0,61.0,49.0,3.0000000000001337
50.0,8.983292857523935,37.602411732138606,14.417681578950418,2.3111261342337865,0.9070409177692308,32.72722383203255,18,1,46.0,49.0,52.0,48.333333333333336,2.0816659994663365
41.0,13.910858893304104,29.729608199396797,7.230298868289765,2.60569008504806,0.6937140146952547,20.51511742650247,19,1,50.0,46.0,49.0,45.666666666666664,4.509249752823005
37.0,16.53949200797142,26.19812193831538,12.398165316850704,5.7929382920128045,0.6259211942339613,48.99140461700852,20,1,41.0,50.0,46.0,42.666666666666664,6.658328118479481
38.0,9.741248856328966,20.63395421555448,10.547259349296148,2.6282183823512524,0.6687709913590066,40.22180994367935,21,1,37.0,41.0,50.0,38.666666666666664,2.08166599946647
40.0,17.123421720755672,12.47083798939369,5.618610689430171,3.385360701823044,0.2074124107998064,20.82117770093893,22,1,38.0,37.0,41.0,38.333333333333336,1.5275252316524137
48.0,12.337654393395477,23.462349609279645,21.278478089050317,6.935206749785609,0.8127754060918414,18.48004404369165,23,1,40.0,38.0,37.0,42.0,5.291502622129296
52.0,29.454457100371314,44.78254862733393,67.56468459025629,18.28052548007804,1.6632525044860975,76.80486610654441,24,1,48.0,40.0,38.0,46.666666666666664,6.110100926607863
56.0,23.0814142292256,42.839413984462894,52.4020848647397,18.00920804936885,0.8730896694585889,68.18608620564045,1,0,52.0,48.0,40.0,52.0,4.000000000000079
79.0,427.2634216973148,431.9556156395153,380.80702920458816,135.16798037045672,19.89357139276085,375.86167950070944,2,0,56.0,52.0,48.0,62.333333333333336,14.57166199626293
79.0,425.2055756200367,513.7233719216662,447.9950050655099,145.20882098763133,11.990953695241178,302.85246579759206,3,0,79.0,56.0,52.0,71.33333333333333,13.279056191361375
37.0,16.730714543828235,18.063117100554784,24.12407925997707,3.71675416879353,0.6410141879745261,28.54458719113326,4,0,79.0,79.0,56.0,65.0,24.248711305964278
38.0,16.142029427362623,10.50378673318428,28.37127377544599,4.825119740616512,0.4605363885277879,12.318499523004425,5,0,37.0,79.0,79.0,51.333333333333336,23.965252624024927
74.0,34.621643302396635,61.661643107990216,32.21323492493676,17.88478114989637,1.3389126484671798,89.96108039779942,6,0,38.0,37.0,79.0,49.666666666666664,21.07921567168318
76.0,36.457164467559096,47.10965652645842,68.71350560983423,16.042897003748074,1.7344898166083798,81.7660982941526,7,0,74.0,38.0,37.0,62.666666666666664,21.385353243127245
79.0,48.364671004699694,53.79522548636582,62.90264759974149,10.640275452480484,1.7630673280856295,91.29771110997872,8,0,76.0,74.0,38.0,76.33333333333333,2.516611478423363
79.0,20.750874582690816,60.15685011081334,35.84920806415039,13.221960312703567,1.7920424164211912,74.45259115990103,9,0,79.0,76.0,74.0,78.0,1.7320508075685286
79.0,29.914300780034544,49.74822089602716,50.851880903953415,12.218825455226048,1.0474285481718748,76.95439312974314,10,0,79.0,79.0,76.0,79.0,0.0
57.0,44.64880292526641,45.67287168780346,61.48489163953676,11.274985859274471,1.0279712070058578,95.93183745298904,11,0,79.0,79.0,79.0,71.66666666666667,12.701705922171733
52.0,44.24464443301001,56.34937449172135,67.9229321656329,19.160264802852783,1.1992346057945162,79.54802561858965,12,0,57.0,79.0,79.0,62.666666666666664,14.364307617610152
40.0,7.601382813461195,29.212745272029142,12.75041248165376,9.576023552587657,0.8058146473311814,24.197810044816592,13,0,52.0,57.0,79.0,49.666666666666664,8.73689494805413
55.0,21.301790168779377,55.36685235035192,61.47571491571362,16.669040048348208,1.4264777389844685,67.6822073571453,14,0,40.0,52.0,57.0,49.0,7.937253933193802
57.0,37.7040587363383,69.56528702406227,53.74460721541016,17.710031344581587,1.6624161018153651,95.31221027808444,15,0,55.0,40.0,52.0,50.666666666666664,9.29157324317759
62.0,35.73450435288857,74.51068545014144,65.47398552513471,18.9722283341952,1.9606821992898091,65.97746736650886,16,0,57.0,55.0,40.0,58.0,3.6055512754639842
48.0,14.957732168911171,31.282609848181263,25.03238669011129,6.384331659316151,0.8845417920549139,27.36774526399945,17,0,62.0,57.0,55.0,55.666666666666664,7.094598884597594
41.0,5.378711561661892,11.98029701292302,7.308187651823879,6.963055953629451,0.1187155878845276,28.86593701373215,18,0,48.0,62.0,57.0,50.333333333333336,10.692676621563644
38.0,17.84571902614443,30.176558334237495,18.02508552751129,7.402567720367194,0.9259692287431444,14.295143197820328,19,0,41.0,48.0,62.0,42.333333333333336,5.131601439446963
37.0,5.252560560384207,29.794492208679078,7.9294322573988065,6.1491411103847335,0.4525306611394398,33.9286035392256,20,0,38.0,41.0,48.0,38.666666666666664,2.081665999466375
38.0,7.479225197304937,25.952041949704416,12.377641847816474,2.135918505955124,0.2364905736764137,25.675399207890266,21,0,37.0,38.0,41.0,37.666666666666664,0.5773502691905491
38.0,19.120660108783994,23.89884421392256,15.54773271554144,8.509288714639666,0.1591637857970662,41.90374160820798,22,0,38.0,37.0,38.0,37.666666666666664,0.5773502691905491
46.0,16.58045297805549,25.49532883827029,23.27749393496335,8.796901451929589,0.8597138874292972,16.57205616354258,23,0,38.0,38.0,37.0,40.666666666666664,4.6188021535171035
56.0,31.282007812391196,76.084861373009,53.614700883117294,19.517935300981136,0.934144342884896,57.37854509934065,24,0,46.0,38.0,38.0,46.666666666666664,9.01849950564582
51.0,40.48044814277149,72.22573477948708,64.49239670851026,15.427378880976852,1.806316383726135,95.7916592505224,1,0,56.0,46.0,38.0,51.0,5.000000000000032
54.0,24.60576580208796,79.23076215000519,45.34712232753791,14.525196521986985,0.8018188465130153,56.053847645914665,2,0,51.0,56.0,46.0,53.666666666666664,2.5166114784236147
64.0,47.09769545802644,79.2711795513857,34.49186712002796,11.70315226505924,1.204235327653628,96.01446511184828,3,0,54.0,51.0,56.0,56.333333333333336,6.806859285554047
60.0,25.929146174546265,75.09974627006427,58.90349298513259,19.84948641579544,1.2276036764658125,51.870148081156216,4,0,64.0,54.0,51.0,59.333333333333336,5.033222956847153
60.0,44.68499665968771,59.43212767125817,45.00237805958327,11.97556455780173,0.6809815959815408,69.1742983560581,5,0,60.0,64.0,54.0,61.333333333333336,2.3094010767584505
53.0,33.573232595077386,48.28685464113301,63.5058797562661,19.322269529888956,1.2231308599260178,94.80506815663084,6,0,60.0,60.0,64.0,57.666666666666664,4.041451884327376
55.0,26.460987755555376,57.51181789278022,34.46564697539565,10.86051457020246,0.8708095569931107,64.04654810906165,7,0,53.0,60.0,60.0,56.0,3.6055512754639976
62.0,48.08325956028861,73.30333191389073,42.92585152140752,19.759542080525836,1.764830920296782,86.49931997190708,8,0,55.0,53.0,60.0,56.666666666666664,4.725815626252611
65.0,28.90756035971345,71.47500525510662,55.29063679970892,13.6762667716786,1.4204684895694708,80.94001674470218,9,0,62.0,55.0,53.0,60.666666666666664,5.131601439446865
61.0,25.29807915512777,54.71935017691863,66.68945876565158,12.873198604253648,1.5504346599027523,50.70140674969039,10,0,65.0,62.0,55.0,62.666666666666664,2.0816659994660576
50.0,7.369050152388618,34.18477670853787,18.736897581229307,7.031379733105261,0.1452263937856704,40.96009011172573,11,0,61.0,65.0,62.0,58.666666666666664,7.7674534651540235
48.0,19.267535513628125,25.938610181452905,6.212918797667739,4.362985171734163,0.773920983146933,44.649194424221946,12,0,50.0,61.0,65.0,53.0,7.000000000000017
40.0,5.952840396208753,31.50499511808117,22.048058718005187,5.979069155520772,0.3494578180838285,36.0737002386479,13,0,48.0,50.0,61.0,46.0,5.291502622129244
37.0,19.838111622408853,38.01028168963827,8.42906630073389,8.906081415948822,0.4335707945031117,35.50532148643285,14,0,40.0,48.0,50.0,41.666666666666664,5.686240703077408
38.0,7.00252408987172,16.12270502951951,6.298579390555268,2.4141134317285013,0.7389500196144491,38.63544292741855,15,0,37.0,40.0,48.0,38.333333333333336,1.527525231652309
46.0,11.97230244606504,10.86257596490153,6.17459586300018,5.90013755679177,0.419240003208576,29.55753512247124,16,0,38.0,37.0,40.0,40.333333333333336,4.932882862316349
42.0,14.137474896087308,32.131675424209945,21.16978245727352,7.593496184287726,0.7962805236277145,39.535531730228286,17,0,46.0,38.0,37.0,42.0,4.000000000000114
38.0,8.7027394365008,20.11638194060584,18.15156679364736,3.864099432299732,0.6622417728933538,13.984827232208094,18,0,42.0,46.0,38.0,42.0,4.000000000000114
38.0,11.496430230943272,22.014511537672888,13.231557806699188,8.263588926152913,0.6446266384575885,22.46976448652041,19,0,38.0,42.0,46.0,39.333333333333336,2.309401076758734
39.0,9.907455177371451,33.0774925085284,18.09841365350544,4.525584899459499,0.3639171824933439,38.13448571230488,20,0,38.0,38.0,42.0,38.333333333333336,0.577350269190595
46.0,5.171680180115251,29.03154887967929,7.819949218566609,7.1193373066433,0.3806915136529082,36.98682959023228,21,0,39.0,38.0,38.0,41.0,4.358898943540783
43.0,19.123157720193905,28.372198566780863,13.008993996868446,4.536085505515071,0.9811511915846346,10.78775751781305,22,0,46.0,39.0,38.0,42.666666666666664,3.5118845842843687
45.0,17.33539204842605,16.450415886222224,19.97825599897063,4.36543188982948,0.7934937658009106,21.325224995286646,23,0,43.0,46.0,39.0,44.666666666666664,1.5275252316521906
49.0,12.13890378251564,12.032302906687123,29.336920679169708,6.503452414595743,0.9977210823746888,41.861121288716205,24,0,45.0,43.0,46.0,45.666666666666664,3.055050463304006
53.0,49.55389170556267,46.67012799862336,45.667054885900654,14.561712626676716,1.6266034138383996,70.84250243876667,1,0,49.0,45.0,43.0,49.0,4.000000000000061
57.0,36.76489096207875,45.7094317322983,63.95189974998559,16.69828769150336,1.1464138405664035,78.52290310060276,2,0,53.0,49.0,45.0,53.0,4.000000000000031
57.0,25.63651198338784,74.15332606078174,41.76785383559535,12.535924300826558,1.4792122648251755,90.79720868701143,3,0,57.0,53.0,49.0,55.666666666666664,2.3094010767585225
60.0,48.59762222722711,75.02488658837103,41.26084675929373,15.635888386437284,0.8501375901761765,73.1929280967115,4,0,57.0,57.0,53.0,58.0,1.7320508075688639
60.0,23.08112220950644,56.51124420945166,36.37980242877116,16.237324848730648,1.8008181144649775,72.68522287401674,5,0,60.0,57.0,57.0,59.0,1.7320508075688466
60.0,35.215273121024005,57.786400498287065,38.85003232125764,16.518823674030443,1.147620814581218,98.22512062882966,6,0,60.0,60.0,57.0,60.0,0.0
59.0,48.844281977685895,78.37617680545743,65.82381136066078,15.187214924713402,1.724460619696809,51.331026455233086,7,0,60.0,60.0,60.0,59.666666666666664,0.5773502691894976
57.0,35.485818721517475,56.22056530485273,56.68942160485999,11.051283520954453,0.7156004617106018,73.55508573991722,8,0,59.0,60.0,60.0,58.666666666666664,1.5275252316519168
47.0,17.841292904251812,31.530403148313475,6.45131775701301,8.050183112678756,0.7059806964180884,42.68609553627175,9,0,57.0,59.0,60.0,54.333333333333336,6.429100507328648
43.0,15.501197787302695,27.76228372968276,28.9863687139922,9.399116704794864,0.536353855134623,15.703182051997366,10,0,47.0,57.0,59.0,49.0,7.211102550928009
44.0,9.339196901543518,18.756268586095864,15.866604326941648,9.8630960726111,0.3544685307146401,41.56278842627477,11,0,43.0,47.0,57.0,44.666666666666664,2.0816659994663014
47.0,6.02393207271235,10.35407761642696,22.664746457863583,9.546821256070672,0.3974469897605553,19.56036075756721,12,0,44.0,43.0,47.0,44.666666666666664,2.0816659994663014
40.0,10.606654163378174,21.52203249658784,27.67981409420091,9.02773519838691,0.9033627263810716,48.67636196855048,13,0,47.0,44.0,43.0,43.666666666666664,3.511884584284354
37.0,15.052992338790224,10.531106994417556,11.031428690783176,6.81117939139962,0.468439872139519,48.854490877094825,14,0,40.0,47.0,44.0,41.333333333333336,5.13160143944697
38.0,14.473279448134502,19.04983476071675,22.780886986383944,3.1493424131374548,0.1398366151842933,43.82074333391555,15,0,37.0,40.0,47.0,38.333333333333336,1.527525231652288
37.0,19.304134836770004,15.330382855110738,25.32575509022369,5.940037535735542,0.8697809564762239,29.126306030375886,16,0,38.0,37.0,40.0,37.333333333333336,0.577350269190575
37.0,17.473143682917755,34.276245239875706,21.849522775152423,8.221928684475955,0.4577055618257704,29.107584770415706,17,0,37.0,38.0,37.0,37.333333333333336,0.577350269190575
42.0,14.4435754952766,28.407238487858987,27.51301201152744,9.376452069704069,0.3410088622028413,47.44788262193684,18,0,37.0,37.0,38.0,38.666666666666664,2.8867513459483054
42.0,12.901587456202616,35.68555808773452,20.120782581403144,3.9041587104184714,0.1979795079889507,26.40452065066845,19,0,42.0,37.0,37.0,40.333333333333336,2.8867513459482894
42.0,8.908240802438215,28.75931184191765,14.03161818704196,7.533908926083074,0.9802783460295718,35.54912930989933,20,0,42.0,42.0,37.0,42.0,0.0
36.0,6.865997653279853,17.438439848373086,20.47759269211661,6.892255302355636,0.3972090499312902,17.03981791334349,21,0,42.0,42.0,42.0,40.0,3.464101615137893
36.0,6.221529594002304,37.69056579027622,5.944847818287436,3.873403471998386,0.6237924651552702,21.14786101209972,22,0,36.0,42.0,42.0,38.0,3.4641016151379103
41.0,18.265171842417928,34.0783853494454,19.086878508651104,7.261761308590402,0.9713034510618856,20.391257125229316,23,0,36.0,36.0,42.0,37.666666666666664,2.8867513459483205
50.0,14.59211178748714,26.40050316969272,22.67459060012246,6.582838864066138,0.6479770587107939,11.951034660324936,24,0,41.0,36.0,36.0,42.333333333333336,7.094598884597648
56.0,25.029217596242745,60.07323494210018,68.2433495803094,14.679709014184422,0.5536962506582577,65.671286063205,1,0,50.0,41.0,36.0,49.0,7.549834435270781
59.0,46.7870825777801,75.59908249727192,40.03718429314448,12.96353266457652,1.259150614127632,98.24241930333298,2,0,56.0,50.0,41.0,55.0,4.582575694955851
55.0,38.65582614291528,54.652688683134514,42.67471487536007,14.766690348972476,1.7135048709286804,52.15910687312834,3,0,59.0,56.0,50.0,56.666666666666664,2.081665999466133
52.0,24.72552354353873,66.47465853165824,58.041808334415855,19.61641106278855,0.5772975275412714,76.90439267396887,4,0,55.0,59.0,56.0,55.333333333333336,3.5118845842842563
53.0,28.87223268609928,41.12713210206552,61.5400757116782,18.08717232041701,1.0230840721252623,88.63948693864864,5,0,52.0,55.0,59.0,53.333333333333336,1.527525231652005
50.0,9.706336330006058,25.85258331807549,19.386917389251025,8.081244831265852,0.3677427238602211,28.803778572798056,6,0,53.0,52.0,55.0,51.666666666666664,1.527525231652035
49.0,11.48334557535329,19.13891212147918,24.82800248642045,4.01986544994474,0.6148640512524077,20.88676405394406,7,0,50.0,53.0,52.0,50.666666666666664,2.081665999466211
52.0,49.86467273592999,43.1779301156482,48.02129896019054,19.37565867193559,1.6042271352172266,72.68272023252078,8,0,49.0,50.0,53.0,50.333333333333336,1.5275252316520604
48.0,13.801768634159638,25.772012513482544,25.94245697923629,7.12911989315863,0.9827483498512236,19.28371575173756,9,0,52.0,49.0,50.0,49.666666666666664,2.0816659994662254
53.0,34.1349148769186,48.71085856939765,60.83792741151624,14.264636076086935,0.6044311064342393,57.91540290799737,10,0,48.0,52.0,49.0,51.0,2.6457513110646484
54.0,20.936322987188746,75.75722753536292,34.44977608481301,13.96531583026962,1.8066831030618575,75.75388917541801,11,0,53.0,48.0,52.0,51.666666666666664,3.21455025366436
53.0,36.27104438138214,45.42029083044449,69.10949805090601,13.762935060784292,1.5351697605944974,96.5880163609067,12,0,54.0,53.0,48.0,53.333333333333336,0.577350269189778
52.0,41.83716135974092,57.11011665447582,43.21076821041164,18.1379139947439,1.6221480534462522,57.13825420535981,13,0,53.0,54.0,53.0,53.0,1.0000000000000986
50.0,7.360125658697299,24.0036135911209,9.587440646202785,6.81123001482803,0.4462490572771512,49.69822281923668,14,0,52.0,53.0,54.0,51.666666666666664,1.5275252316520365
48.0,9.5758287858024,36.19476852872198,23.070103571521766,2.4808585046150755,0.4682397303031348,44.38620395723924,15,0,50.0,52.0,53.0,50.0,2.0000000000000933
51.0,49.7256735063835,42.0505570881414,69.16564956919851,12.214603579286338,1.6157458461205876,87.42392080348546,16,0,48.0,50.0,52.0,49.666666666666664,1.5275252316520762
51.0,31.736273816898542,75.73340555088951,66.96270955888775,18.176062361781817,1.304472880662797,69.89072760251594,17,0,51.0,48.0,50.0,50.0,1.7320508075689856
51.0,26.654508869026497,56.29111179500242,63.31772396251637,14.267471121106729,0.8928578963085743,67.30769136673018,18,0,51.0,51.0,48.0,51.0,0.0
48.0,17.115829641122012,33.997057422233695,9.56606627808722,7.811471539044059,0.8207024391111106,47.10951361531413,19,0,51.0,51.0,51.0,50.0,1.7320508075689856
45.0,13.968202246627106,13.373626591547582,12.283070209305071,6.436643619345726,0.8677308581059732,20.50966499479888,20,0,48.0,51.0,51.0,48.0,3.0000000000000826
50.0,7.601474061456382,34.19296039584013,13.652110358743236,2.7588039736684697,0.4555184651659086,30.279980831368192,21,0,45.0,48.0,51.0,47.666666666666664,2.5166114784236866
55.0,41.99949639975122,65.99448466348971,65.67173271314968,18.546253525237194,1.27205266093102,98.46364135702756,22,0,50.0,45.0,48.0,50.0,5.000000000000038
57.0,32.62237251028406,54.34577381917508,60.80557118265304,13.881714007392963,1.9027556412573905,78.1356707210607,23,0,55.0,50.0,45.0,54.0,3.605551275464008
61.0,30.8413626127556,49.902537412007085,63.26759074537864,16.346360457722803,0.5197403280050159,89.37823382632315,24,0,57.0,55.0,50.0,57.666666666666664,3.05505046330388
59.0,22.220934032704392,63.53232957689383,42.22907196833455,18.130453895187035,1.0678190955902531,66.74130372751162,1,0,61.0,57.0,55.0,59.0,1.9999999999999611
63.0,37.04406629258172,55.250098461830966,42.57389991969579,12.82041370664955,1.8373918797886004,91.03670174040748,2,0,59.0,61.0,57.0,61.0,1.999999999999931
59.0,35.19551085888888,50.27940093921126,32.601406781506114,15.769253855717489,0.8150506418624257,53.06983386939466,3,0,63.0,59.0,61.0,60.333333333333336,2.309401076758451
57.0,41.43220239606201,55.9893063019575,38.87677109586546,11.622538539209115,1.6065235632158332,91.9504211073498,4,0,59.0,63.0,59.0,59.666666666666664,3.0550504633038607
52.0,28.14814221014028,56.19220145606255,50.53058316495812,10.318792915600088,0.8389585326580278,55.224874905504336,5,0,57.0,59.0,63.0,56.0,3.6055512754639913
49.0,16.463825546204454,17.318922710008287,23.548012928509124,5.845902819553473,0.8810695593523772,43.20714529503978,6,0,52.0,57.0,59.0,52.666666666666664,4.041451884327406
46.0,13.091534476526563,33.66872719953892,24.248135405062644,5.340605301314447,0.1817748608415598,41.94716737542896,7,0,49.0,52.0,57.0,49.0,3.0000000000000706
43.0,14.071583903326482,14.966394461035796,18.917208814931897,3.60192056293568,0.4039339486690693,43.87055412446002,8,0,46.0,49.0,52.0,46.0,3.000000000000101
45.0,6.966610994858373,11.767615021709744,22.045970602721308,7.24148544824265,0.6775917109391011,41.963101738616686,9,0,43.0,46.0,49.0,44.666666666666664,1.5275252316521708
53.0,22.899880596432247,51.53224302322246,45.33391805047744,13.394698497251582,0.7530609397465071,57.5599231206138,10,0,45.0,43.0,46.0,47.0,5.291502622129232
49.0,18.359058616619663,25.65483328227828,12.401836515624812,5.0632816971452925,0.1858035054006558,44.72903074911396,11,0,53.0,45.0,43.0,49.0,4.000000000000052
47.0,19.198731138194155,25.482392879237462,8.876919775134846,4.95838617872804,0.1589724306145201,18.835310568415053,12,0,49.0,53.0,45.0,49.666666666666664,3.055050463303955
48.0,11.02870887418856,12.870877703130486,26.661219515608813,4.689065366192434,0.4625510220216376,27.146589538346312,13,0,47.0,49.0,53.0,48.0,1.0000000000002354
45.0,11.435985647871828,30.51487283640434,16.712120851338973,5.024249116074263,0.3604851749543942,15.208271016448908,14,0,48.0,47.0,49.0,46.666666666666664,1.5275252316521262
43.0,13.420077631107938,24.2385655159067,12.52709639267455,9.233801878168318,0.9928909124915488,29.62358567427636,15,0,45.0,48.0,47.0,45.333333333333336,2.516611478423706
42.0,13.188995753817252,15.247279013876916,14.794635300225965,9.563603552239952,0.948288220665674,46.36710194611697,16,0,43.0,45.0,48.0,43.333333333333336,1.5275252316521843
39.0,10.021556555105382,20.984423817590724,12.605048289852071,5.020750668295721,0.5184194136414175,43.61493276773993,17,0,42.0,43.0,45.0,41.333333333333336,2.0816659994663325
41.0,16.97773377589159,23.027249475130446,7.106651757914271,3.0595505952664848,0.4744548890653094,10.262296243106984,18,0,39.0,42.0,43.0,40.666666666666664,1.5275252316522303
39.0,18.149687754194105,31.42001431881841,26.037573192890044,2.1013039001734954,0.9527277768107092,35.247435881654965,19,0,41.0,39.0,42.0,39.666666666666664,1.1547005383796514
36.0,13.393957032361469,11.138864004954566,25.36588443633948,9.53998698698621,0.8563262113723579,43.978719267976416,20,0,39.0,41.0,39.0,38.666666666666664,2.516611478423778
37.0,18.46072593600364,38.38234885072068,14.20850613259062,2.0505093157547654,0.4419391146218455,14.898581685114568,21,0,36.0,39.0,41.0,37.333333333333336,1.527525231652292
41.0,17.852585700345237,20.479642700648192,25.61303229210012,3.955329889098144,0.3065380990707932,48.81442423928568,22,0,37.0,36.0,39.0,38.0,2.6457513110647812
46.0,17.423024451788727,33.806766722086465,25.58576808130468,2.490307601035335,0.4298886849358653,26.63942561745015,23,0,41.0,37.0,36.0,41.333333333333336,4.509249752822986
51.0,32.00821011943789,76.23758845136275,53.975290428007554,17.31859008622364,1.8772676435494493,97.17228703089222,24,0,46.0,41.0,37.0,46.0,5.000000000000056
56.0,45.70206617824304,40.65211026368998,35.99717277011826,16.676237555859835,0.9075759077015504,84.42595065308286,1,1,51.0,46.0,41.0,51.0,5.000000000000026
58.0,42.51303128269512,63.416287958403984,68.0225812931487,11.344958995610106,1.9304300086736197,78.2315307528514,2,1,56.0,51.0,46.0,55.0,3.605551275463991
61.0,27.855857916153987,54.07264282544962,59.11225558199785,14.512037438627264,0.6754865556645715,59.71148034602905,3,1,58.0,56.0,51.0,58.333333333333336,2.5166114784235476
61.0,36.284857313192674,57.284521294523216,60.352312243567006,17.56033655866325,1.7504665640570445,79.2162416075829,4,1,61.0,58.0,56.0,60.0,1.7320508075687988
60.0,22.541859954354585,77.38564441121471,61.42686650181746,13.76363153952465,1.63964236794635,78.84517446433219,5,1,61.0,61.0,58.0,60.666666666666664,0.5773502691893545
63.0,48.7044498182601,48.0735375140918,58.91711205170088,19.27863352252914,1.861270083863708,95.890432449518,6,1,60.0,61.0,61.0,61.333333333333336,1.5275252316518328
70.0,48.636718300484574,54.50945265161338,31.2202847076386,14.865296830282436,1.5680580489596032,86.81536322879626,7,1,63.0,60.0,61.0,64.33333333333333,5.131601439446832
78.0,29.28109987451282,64.3788654550301,30.854776208123404,18.92278276330224,1.55902479629833,78.68653383267964,8,1,70.0,63.0,60.0,70.33333333333333,7.505553499465074
79.0,42.17025016585849,51.45321428441913,62.5591600613748,18.88741306336673,1.846945763832888,91.26698799416856,9,1,78.0,70.0,63.0,75.66666666666667,4.93288286231612
79.0,39.00134687799508,76.70849956565326,44.84604537463092,19.472708600116107,1.4877250972812246,79.99401216469852,10,1,79.0,78.0,70.0,78.66666666666667,0.5773502691883899
68.0,29.99988242443234,44.11843466108763,68.6184710220941,18.759320346210576,0.8812622589864427,63.61359614181592,11,1,79.0,79.0,78.0,75.33333333333333,6.350852961085788
52.0,41.6876296668804,46.25377336642894,69.21696763558732,13.667957642448602,1.1657011238695898,64.61748277336746,12,1,68.0,79.0,79.0,66.33333333333333,13.576941236277511
45.0,15.94498420692942,32.86273913542102,27.02216809699442,4.033561785739576,0.2586532676452504,46.83148325330648,13,1,52.0,68.0,79.0,55.0,11.789826122551602
44.0,13.144464741075048,17.45029412631814,18.188102920722315,9.047983835862198,0.125767890557271,43.975696267609095,14,1,45.0,52.0,68.0,47.0,4.358898943540746
49.0,10.572574023116722,24.503069316028345,27.91039588435691,7.074057966388946,0.4944315876548025,38.825933610938,15,1,44.0,45.0,52.0,46.0,2.6457513110647213
54.0,46.6838094398744,49.98747627311782,40.929876153267415,12.133084896984052,0.7852055519270996,55.392500745412704,16,1,49.0,44.0,45.0,49.0,5.0000000000000515
52.0,41.51915557779081,64.7123879503772,37.72915124981144,16.9940349087709,0.8711912235379689,83.81555092378436,17,1,54.0,49.0,44.0,51.666666666666664,2.516611478423653
45.0,16.07503866599932,30.008643458189248,9.877406170642768,5.242095878128207,0.3461485893322575,42.790935179098526,18,1,52.0,54.0,49.0,50.333333333333336,4.725815626252652
40.0,5.898826218458834,17.15757694346683,8.702214814346611,5.99530331746636,0.7950800139171269,17.151618820854644,19,1,45.0,52.0,54.0,45.666666666666664,6.027713773341764
37.0,9.922331659363476,37.33512471135204,28.214321576616097,6.757649271617,0.2327352667148837,14.703563154758674,20,1,40.0,45.0,52.0,40.666666666666664,4.0414518843275
36.0,14.659227805300793,38.3958152894627,29.81365177897344,9.804130753631744,0.6229238599587926,27.51941105583816,21,1,37.0,40.0,45.0,37.666666666666664,2.081665999466405
44.0,6.87501314553873,24.612050691129426,8.678058932752727,6.561019030283763,0.5314951505726936,32.29655323262708,22,1,36.0,37.0,40.0,39.0,4.358898943540794
49.0,6.496998208608291,34.81074516088757,16.505537399614298,6.084813493351823,0.8855160942879933,40.60002941464312,23,1,44.0,36.0,37.0,43.0,6.5574385243020625
44.0,15.554158780858714,14.77497493466668,26.757864754265803,7.945296751775766,0.6460214358080039,24.108554938638235,24,1,49.0,44.0,36.0,45.666666666666664,2.88675134594824
48.0,16.13264714359036,11.376357934406215,16.117472614495803,2.9312048046827446,0.7980099655189269,22.378841844746155,1,1,44.0,49.0,44.0,47.0,2.6457513110646977
50.0,8.677502535901628,13.877947723473548,16.970596869395813,9.416875052437176,0.689118613811379,10.72069204055985,2,1,48.0,44.0,49.0,47.333333333333336,3.0550504633039846
48.0,15.292965729266038,34.83832261799192,9.924690307164704,6.051071704702112,0.1004900243962714,30.260832589633303,3,1,50.0,48.0,44.0,48.666666666666664,1.154700538379462
51.0,21.627073298121942,41.47715148498067,52.35666238120588,17.085442937545288,0.6851033647669544,83.26890093376784,4,1,48.0,50.0,48.0,49.666666666666664,1.5275252316520873
51.0,25.92360854783844,50.02141655702681,58.00932575095578,11.499503922820216,1.958273223878178,74.65225749115626,5,1,51.0,48.0,50.0,50.0,1.7320508075689953
50.0,13.299910294838435,12.01087183668276,23.72061491659438,4.945930420490883,0.8982387217471468,45.58541884875599,6,1,51.0,51.0,48.0,50.666666666666664,0.5773502691899441
46.0,10.116897315069256,22.156860429369303,14.695460070655562,2.7958935065894224,0.52152260418373,24.763786250083676,7,1,50.0,51.0,51.0,49.0,2.645751311064679
46.0,7.486002343535246,38.83048491360146,7.39032018323257,5.944631237325559,0.3797999171076927,31.470081517812083,8,1,46.0,50.0,51.0,47.333333333333336,2.309401076758625
43.0,17.707610566172228,16.367783246806507,17.41141994208072,8.265003833250802,0.770461389711898,18.97178654536365,9,1,46.0,46.0,50.0,45.0,1.7320508075690777
48.0,16.948270941470696,30.198029627919727,22.647140738994185,9.128319377102851,0.1039859101076411,12.970504874550205,10,1,43.0,46.0,46.0,45.666666666666664,2.516611478423714
43.0,10.639620137648333,34.130384479701775,5.084818095695688,8.519389502334217,0.3187822501162164,42.23562873675442,11,1,48.0,43.0,46.0,44.666666666666664,2.8867513459482526
37.0,17.436559061416837,32.049307171724884,29.003011990352164,2.774487179806507,0.7731838854762025,44.60356918314184,12,1,43.0,48.0,43.0,42.666666666666664,5.507570547286178
36.0,13.91320596691459,35.38997022106247,13.70290640716014,7.794966962711862,0.6037407776310042,23.745173441263116,13,1,37.0,43.0,48.0,38.666666666666664,3.7859388972003223
36.0,9.361006899439184,20.685390661933603,5.879332413925546,6.432906968725359,0.817772504790947,10.427052647749836,14,1,36.0,37.0,43.0,36.333333333333336,0.5773502691906565
36.0,10.317905885346525,22.42689097434939,7.979622601252954,6.168984776345503,0.9875058141285352,36.25636208565047,15,1,36.0,36.0,37.0,36.0,0.0
36.0,16.370807311658396,18.71032257531958,22.372894467425777,2.143693447805796,0.3908542663343236,22.480252471615422,16,1,36.0,36.0,36.0,36.0,0.0
36.0,13.213277438650614,37.04637011002664,25.51028343959721,5.027130492826273,0.1489942939411044,45.18590979709983,17,1,36.0,36.0,36.0,36.0,0.0
37.0,6.232565049151936,15.133575042806406,5.620615607828004,5.741285116146338,0.3400051831266392,23.45267774056049,18,1,36.0,36.0,36.0,36.333333333333336,0.5773502691906565
37.0,14.011392846695054,31.159445098623145,11.62159035538801,3.7545716554106665,0.4175716775856268,11.01325631762213,19,1,37.0,36.0,36.0,36.666666666666664,0.5773502691906406
37.0,9.3064435532355,23.79411486790335,23.84842134199745,5.9241801138528745,0.8778613571151597,46.5109189609561,20,1,37.0,37.0,36.0,37.0,0.0
37.0,19.907410126665354,19.067814391708325,9.851719749198752,7.805534158932909,0.3607374191156924,46.16390899746872,21,1,37.0,37.0,37.0,37.0,0.0
38.0,17.21492639803148,29.88641486901204,11.959718614062776,3.406031363757716,0.1737612733706915,30.98231526190525,22,1,37.0,37.0,37.0,37.333333333333336,0.5773502691906087
37.0,12.717466695225928,22.142372398816995,29.50448781749896,3.464232313841359,0.8596131559478088,35.658673503353306,23,1,38.0,37.0,37.0,37.333333333333336,0.5773502691906087
36.0,8.412228585442815,16.238486521939343,23.22983409730303,8.726583731934026,0.6197378019208646,18.195774134971103,24,1,37.0,38.0,37.0,37.0,1.0000000000005782
37.0,9.996592795661131,33.62004432015468,25.78352184788714,5.622165419094886,0.4038463648186436,24.864104561868828,1,0,36.0,37.0,38.0,36.666666666666664,0.5773502691906452
41.0,14.41860927891912,39.001377808941214,29.147817201606035,3.2176239154987964,0.5985143142955581,17.32514443930595,2,0,37.0,36.0,37.0,38.0,2.6457513110647977
42.0,10.835398799272324,25.004505173540192,28.7069751498671,8.726179834442712,0.3355344135461104,38.211308678476826,3,0,41.0,37.0,36.0,40.0,2.645751311064775
41.0,10.07239370722705,14.426399765842518,20.091290139601192,4.46785944195932,0.889572701642957,35.14477312272821,4,0,42.0,41.0,37.0,41.333333333333336,0.5773502691903996
48.0,12.706500110476725,16.618085592743036,24.958842102974053,2.962642374203285,0.5447542011392102,39.26427741104686,5,0,41.0,42.0,41.0,43.666666666666664,3.7859388972002828
51.0,38.765434023093306,41.58492290371021,64.39160591804537,19.41927406267552,1.5280629882930492,72.37946588499159,6,0,48.0,41.0,42.0,46.666666666666664,5.131601439446942
47.0,15.894393566436296,22.03955114291898,5.409091042867072,3.0809680993356787,0.4784138985648835,22.24045784407281,7,0,51.0,48.0,41.0,48.666666666666664,2.081665999466247
48.0,14.647039086184272,16.241348787110912,22.95081705355334,7.164108059927843,0.5782121321320198,27.391819327668337,8,0,47.0,51.0,48.0,48.666666666666664,2.081665999466247
51.0,36.654227600515306,77.41207416824882,39.96608278952112,11.0991375024158,1.2848737133729051,83.35439061655964,9,0,48.0,47.0,51.0,48.666666666666664,2.081665999466247
52.0,49.29092703023433,42.356978039435525,35.785778033353495,10.100021382589048,1.4215634755866988,57.01953092886903,10,0,51.0,48.0,47.0,50.333333333333336,2.0816659994662254
46.0,6.357283372417866,21.798208962143526,25.467314747212097,8.271219161846172,0.8486229501229272,29.78548710054005,11,0,52.0,51.0,48.0,49.666666666666664,3.2145502536643846
42.0,13.36734551032056,15.33511982917265,23.414825463999872,4.680821246413955,0.5079096565576919,25.155067982606703,12,0,46.0,52.0,51.0,46.666666666666664,5.033222956847226
44.0,14.92536688660224,23.76705599427755,28.52047794598844,7.4454039959866,0.4026845048679337,12.384281225857334,13,0,42.0,46.0,52.0,44.0,2.0000000000001874
46.0,16.761088718073026,37.4956811391714,16.67461374491507,3.0987808351120343,0.2677983411230087,19.356346930934084,14,0,44.0,42.0,46.0,44.0,2.0000000000001874
48.0,13.24422609347726,38.15066345346963,17.016415707849028,4.89290912640632,0.129712086659083,40.06328858244771,15,0,46.0,44.0,42.0,46.0,2.000000000000157
44.0,13.479635605717688,24.003903243643038,29.574282573391372,8.794928983221734,0.5344736892400989,14.612353712809902,16,0,48.0,46.0,44.0,46.0,2.000000000000157
44.0,7.463684383964418,27.99989878507058,21.530054409495836,9.797541607645451,0.1099596075085529,38.2446936403979,17,0,44.0,48.0,46.0,45.333333333333336,2.309401076758647
42.0,18.90964393311637,30.517588459009584,9.215330248576432,6.453072849722028,0.8823551858630451,42.12034169296486,18,0,44.0,44.0,48.0,43.333333333333336,1.1547005383795854
41.0,12.64299662531753,22.96108840197447,5.043249525957132,4.698669155096127,0.8951392702678864,11.68187066532954,19,0,42.0,44.0,44.0,42.333333333333336,1.5275252316522163
49.0,12.760437385255898,25.608197825661136,9.969392637130856,7.910904384070002,0.7560982444940765,46.07755053993391,20,0,41.0,42.0,44.0,44.0,4.358898943540756
46.0,17.01673473759874,32.50426347483044,19.42163531252333,7.423633662173083,0.1161459633617398,35.78253478066122,21,0,49.0,41.0,42.0,45.333333333333336,4.04145188432746
51.0,24.684092314667424,77.36958061331299,59.19505400279108,14.171626716763848,1.7008964944483906,60.07714615386939,22,0,46.0,49.0,41.0,48.666666666666664,2.5166114784236737
56.0,44.67726571332523,52.6317739326358,56.65695024169409,11.774706486024408,1.320462670801671,87.94382930072649,23,0,51.0,46.0,49.0,51.0,5.000000000000032
62.0,33.787432718077,73.73794513037095,61.54042001965483,18.10240647916101,1.7035065395855495,98.29293971725062,24,0,56.0,51.0,46.0,56.333333333333336,5.507570547286103
66.0,40.49307926902937,73.32611656954089,45.48372554760929,16.757539168952363,0.5886096449328749,61.9249097050634,1,0,62.0,56.0,51.0,61.333333333333336,5.033222956847141
61.0,30.183685151708985,74.39076977891403,31.598068949617726,12.144386103762171,1.375520318608405,92.62033999497916,2,0,66.0,62.0,56.0,63.0,2.6457513110645277
62.0,28.605069306311524,68.57343282492091,32.012802124882974,15.732407098242396,1.30681154101484,76.45683289936134,3,0,61.0,66.0,62.0,63.0,2.6457513110645277
66.0,40.26245188873581,55.57908553115431,32.22321526620013,18.68306501765031,1.8111635974198392,55.53215047564469,4,0,62.0,61.0,66.0,63.0,2.6457513110645277
62.0,44.216055758779866,48.948276605414335,50.19745307969168,15.266452366545035,1.5973397329441437,63.76005293761428,5,0,66.0,62.0,61.0,63.333333333333336,2.309401076758425
55.0,34.35679185218703,63.35151717829713,33.74376260398622,19.211044051666697,0.9476007645996258,74.31192176085355,6,0,62.0,66.0,62.0,61.0,5.567764362830003
52.0,34.368212245174654,76.92550688295378,58.34133361641376,13.491157691185071,0.7914011730127741,79.57134978690621,7,0,55.0,62.0,66.0,56.333333333333336,5.131601439446889
48.0,12.440599280533426,29.55140140925169,12.616197062315273,2.0445247164387768,0.5082208307822753,49.06591085259609,8,0,52.0,55.0,62.0,51.666666666666664,3.51188458428429
53.0,45.62825173055049,51.48214671460069,65.58451089744237,12.911076105170096,0.8664756754766825,78.2793955610922,9,0,48.0,52.0,55.0,51.0,2.645751311064655
49.0,12.64184635848972,14.000117040599136,6.575675450258168,4.630753338608452,0.3009932629883654,46.51241988878308,10,0,53.0,48.0,52.0,50.0,2.6457513110646667
47.0,14.304883130333948,34.96658743810183,20.22272724598801,7.796731239758562,0.1706445597231387,39.601163961484346,11,0,49.0,53.0,48.0,49.666666666666664,3.055050463303962
41.0,10.193184335100051,35.82815577606445,21.619139073308283,3.288034665337655,0.2876542897316108,18.066356697201687,12,0,47.0,49.0,53.0,45.666666666666664,4.163331998932343
37.0,5.853475826222477,16.0628373992851,13.389936942862915,9.214052155269057,0.6515740797330934,31.767707636996704,13,0,41.0,47.0,49.0,41.666666666666664,5.033222956847253
37.0,15.695593072876708,39.484609156269016,13.966054461265983,9.557162638996836,0.1754050677143089,43.76817640126792,14,0,37.0,41.0,47.0,38.333333333333336,2.309401076758733
38.0,12.723634093427384,26.597814088473125,18.732985063130428,2.6492152093618024,0.6349483149794952,28.8733677310347,15,0,37.0,37.0,41.0,37.333333333333336,0.5773502691905918
37.0,8.16637097058413,33.67968356022376,13.072618925886566,8.51887135440159,0.1605812360684737,38.65575023333923,16,0,38.0,37.0,37.0,37.333333333333336,0.5773502691905918
37.0,10.548993568196584,30.059715654117785,7.299878857482193,6.165510590897679,0.1637699300418781,24.870510692781348,17,0,37.0,38.0,37.0,37.333333333333336,0.5773502691905918
39.0,17.791859908801115,25.689799479722584,19.33557649651064,9.746641914110024,0.557467628816782,29.636767781868706,18,0,37.0,37.0,38.0,37.666666666666664,1.154700538379726
38.0,5.105541872607315,12.426749680507172,29.581937294532626,5.816844781008319,0.9192959263911552,43.910761499341845,19,0,39.0,37.0,37.0,38.0,1.0000000000005382
37.0,13.495975312918468,35.12948369844018,17.413831636858507,4.6265864045717295,0.7546703169143165,10.379497704840514,20,0,38.0,39.0,37.0,38.0,1.0000000000005382
39.0,15.63873361914053,19.275113004713138,22.890976015204664,9.094443418726854,0.478546668830672,22.351054932328594,21,0,37.0,38.0,39.0,38.0,1.0000000000005382
47.0,19.84853958824665,23.076793672648197,27.917730570982737,2.0880541523847755,0.187784756781675,31.155159966481524,22,0,39.0,37.0,38.0,41.0,5.291502622129266
51.0,45.44427273712209,68.97182691898124,67.00905060756511,17.464506979579664,0.7976304618081993,73.8162653675445,23,0,47.0,39.0,37.0,45.666666666666664,6.110100926607838
55.0,48.92868087289538,65.2310498213584,53.72326402282787,16.47665340347858,0.6593036406385144,78.89221979227463,24,0,51.0,47.0,39.0,51.0,4.000000000000039
57.0,29.97943714446812,52.16821830771114,65.72385871191462,15.03441443183562,1.1511794802193474,78.05585185369353,1,0,55.0,51.0,47.0,54.333333333333336,3.055050463303913
56.0,29.687259067690203,69.7401507594172,34.65083170933849,18.27016459798955,1.7139344261681568,80.22455476829853,2,0,57.0,55.0,51.0,56.0,1.000000000000015
58.0,49.01070993444722,50.15276151328512,47.13114884465166,17.505531697949383,1.525952089642175,84.55298612937867,3,0,56.0,57.0,55.0,57.0,0.9999999999999849
64.0,20.907734878945696,75.2566819143131,52.7097445265121,14.665463632174529,1.6932402976161345,89.18605408474635,4,0,58.0,56.0,57.0,59.333333333333336,4.163331998932247
66.0,20.00365771354517,72.78794862348674,45.556229088434165,15.343990582922643,0.6965555817799176,73.24125151744879,5,0,64.0,58.0,56.0,62.666666666666664,4.163331998932224
63.0,35.69824609800003,72.05853850359563,55.815303821709975,10.402454016883745,0.5611874911382791,90.17229372808916,6,0,66.0,64.0,58.0,64.33333333333333,1.5275252316518058
68.0,20.151843745644467,46.02593855119552,40.38507921637651,17.34587243678304,0.5099942729696598,88.62895893517123,7,0,63.0,66.0,64.0,65.66666666666667,2.5166114784234823
70.0,23.488897426624312,55.85324564530912,46.7992531839597,17.70637067165175,1.4782874226835954,94.49924338539324,8,0,68.0,63.0,66.0,67.0,3.60555127546391
73.0,44.78687563529914,59.90203928935059,42.52803263367037,18.858685586613,1.4071458461214297,64.80235875746716,9,0,70.0,68.0,63.0,70.33333333333333,2.516611478423433
76.0,31.166134855814956,68.0974475004842,55.93978459327023,15.05700433733857,1.6248878590772713,77.79724772994447,10,0,73.0,70.0,68.0,73.0,2.999999999999849
72.0,47.68514940567549,54.94227279091595,30.279601423152403,10.612029909681258,1.4316997666411782,70.28552286526029,11,0,76.0,73.0,70.0,73.66666666666667,2.0816659994659084
63.0,37.59331536291455,72.3189792466806,67.0991811165548,13.414724616500664,0.9504469899932187,84.28072158003263,12,0,72.0,76.0,73.0,70.33333333333333,6.658328118479339
56.0,37.15671155592032,55.35226196114889,61.02067013254931,11.83835905043672,0.5678171123635384,78.3398360433854,13,0,63.0,72.0,76.0,63.666666666666664,8.020806277010623
51.0,27.96779666667893,56.41510619861775,62.06704908998064,19.508804456104315,1.7638028412014384,67.93067599062556,14,0,56.0,63.0,72.0,56.666666666666664,6.0277137733417145
57.0,40.80642823331696,63.25755408544487,62.63347471980274,15.942766069656248,1.4161887252342753,55.95644295596632,15,0,51.0,56.0,63.0,54.666666666666664,3.2145502536643487
57.0,42.60964050972668,60.76369216419191,64.65384865480746,19.061906193730174,1.2552440825473137,65.9678616118648,16,0,57.0,51.0,56.0,55.0,3.4641016151377793
55.0,23.372525374473785,64.47650410355087,67.79990287123452,16.119011523308625,1.076929090874753,68.35723446734445,17,0,57.0,57.0,51.0,56.333333333333336,1.1547005383792892
51.0,31.173451808566064,43.82673205871049,56.11910761502287,17.775630640511597,0.9118302080983351,94.50309685999996,18,0,55.0,57.0,57.0,54.333333333333336,3.055050463303925
50.0,16.134154377083455,17.077600218212524,25.163614604779077,2.1978470468834894,0.9222856691052228,42.80051094958336,19,0,51.0,55.0,57.0,52.0,2.645751311064652
52.0,41.34764422744457,59.13441693454266,47.93961871381467,19.872930610638303,0.9240562215528468,81.7288644056487,20,0,50.0,51.0,55.0,51.0,1.0000000000001932
52.0,28.551000479268787,55.14753830903759,40.12256519412203,16.911052365471598,1.9744334699113588,61.93779169723766,21,0,52.0,50.0,51.0,51.333333333333336,1.1547005383794111
61.0,24.58795268172965,44.34829833723258,68.75352918479612,18.890238227139804,1.5210418636014629,70.88988637084842,22,0,52.0,52.0,50.0,55.0,5.196152422706646
70.0,27.936294493699087,79.68300508729558,44.587328713914346,14.473300705600847,1.6481074538526712,79.48422437516665,23,0,61.0,52.0,52.0,61.0,8.99999999999999
69.0,27.874199706967467,55.237970729971394,34.73490682417407,17.05180539353139,1.984977856469607,93.84873497562664,24,0,70.0,61.0,52.0,66.66666666666667,4.932882862316193
73.0,37.30552024548653,76.96605230647563,41.87660466019717,11.02794946802852,1.4861768898235503,94.41473132051377,1,0,69.0,70.0,61.0,70.66666666666667,2.0816659994659497
74.0,49.61437388087665,57.643000627172185,41.053481319830354,12.14853552868626,1.2084298651176737,93.4748210586704,2,0,73.0,69.0,70.0,72.0,2.6457513110644335
79.0,43.86218007768783,52.67074524954357,51.77392737282036,13.836572951452458,0.8206980672134654,71.87220794854414,3,0,74.0,73.0,69.0,75.33333333333333,3.2145502536641595
79.0,47.56997204915028,78.92222727592036,64.44056788010694,16.393610245680268,0.9709568309269536,81.55050673280327,4,0,79.0,74.0,73.0,77.33333333333333,2.8867513459479297
79.0,39.9067041745848,77.19844018896552,56.226329366638986,13.115431770890046,0.9756694315498434,73.21588204346992,5,0,79.0,79.0,74.0,79.0,0.0
79.0,40.26114768016828,68.59369342886924,59.239746714324426,11.635406388024856,1.5322488309972946,77.67419103037474,6,0,79.0,79.0,79.0,79.0,0.0
79.0,36.17424306224375,48.292366710634525,69.67967062826673,13.350207679246008,1.1477544126359869,92.45632860346934,7,0,79.0,79.0,79.0,79.0,0.0
79.0,42.486452584930646,48.65665824339658,64.81327832724816,16.57257875983562,1.2938107201923092,70.88266572513176,8,0,79.0,79.0,79.0,79.0,0.0
79.0,22.324387724269144,52.30826552201002,32.51040636096746,14.61239467800371,1.3950237660781395,71.32900551830228,9,0,79.0,79.0,79.0,79.0,0.0
65.0,36.24124058019926,40.55910390046269,58.33483398636187,11.86661845668016,0.7568154587075764,73.27482594706387,10,0,79.0,79.0,79.0,74.33333333333333,8.0829037686547
58.0,26.81226163581868,76.2997182316559,65.51391234741516,13.26142312679752,0.9963524470367532,61.092757916887386,11,0,65.0,79.0,79.0,67.33333333333333,10.692676621563603
56.0,45.36427097798811,77.34433371233912,45.76599503166279,18.29726337942529,0.5211575151523882,53.53410044130391,12,0,58.0,65.0,79.0,59.666666666666664,4.725815626252612
49.0,6.56985657987561,33.57570165407452,26.488146133689355,8.810025048294083,0.2534294605082094,47.90970409226196,13,0,56.0,58.0,65.0,54.333333333333336,4.72581562625266
43.0,10.561779784647069,32.95938021226003,29.48690762860707,5.832751578814739,0.6122492458122385,40.78635188599306,14,0,49.0,56.0,58.0,49.333333333333336,6.5064070986477835
49.0,19.39250805468853,27.20513857072432,27.26627598763096,5.940182437784569,0.7286776689098184,29.904797158849835,15,0,43.0,49.0,56.0,47.0,3.464101615137921
53.0,42.74524713552509,69.02939211621585,40.33882308087122,15.485268724982356,0.6394617118723589,80.97096705290247,16,0,49.0,43.0,49.0,48.333333333333336,5.033222956847268
54.0,36.315055128574656,68.24949101836489,48.86474757496292,15.075827537136025,0.9330988341176546,69.48152073778972,17,0,53.0,49.0,43.0,52.0,2.6457513110647244
56.0,34.549077021249474,58.6776538014494,42.17392753704239,16.512851832721353,1.7428532417798912,85.19686145137922,18,0,54.0,53.0,49.0,54.333333333333336,1.527525231652112
66.0,21.759111375321403,75.4150091249638,31.88367194940433,17.413642506662903,1.7632792041969056,96.03204428527552,19,0,56.0,54.0,53.0,58.666666666666664,6.4291005073286485
68.0,45.17299097675826,49.03557912754653,51.72535917799264,13.217160716102663,0.8241735556760381,67.67291109635588,20,0,66.0,56.0,54.0,63.333333333333336,6.429100507328617
65.0,43.05092965180527,48.37047472898466,57.6064660518847,16.257867175036953,1.9402788237262916,76.55909045825412,21,0,68.0,66.0,56.0,66.33333333333333,1.5275252316517753
61.0,44.63587236901657,78.1600181159121,68.24261473934473,16.0507133480254,1.6563895573608158,69.10341925725446,22,0,65.0,68.0,66.0,64.66666666666667,3.511884584284185
60.0,28.53130866356596,55.31906994428293,36.51791163196911,11.853022711944307,1.0322301075185587,62.58555545182915,23,0,61.0,65.0,68.0,62.0,2.6457513110645388
54.0,32.09276535503579,63.51194670917171,43.44799511343986,16.14177890337044,1.463140593931136,84.43557936907314,24,0,60.0,61.0,65.0,58.333333333333336,3.7859388972001735
51.0,44.094838764343024,44.58743536725314,34.9355925667542,13.463452694896542,1.8685911070755543,71.49868499606951,1,0,54.0,60.0,61.0,55.0,4.582575694955853
48.0,12.46505866051449,18.839998403286167,12.452052063247056,5.892543401554466,0.4793884747556445,16.558124470909586,2,0,51.0,54.0,60.0,51.0,3.000000000000061
79.0,206.4886402198298,251.52485836196388,208.4023381010285,80.03953505169164,8.123087909100914,227.81662107454648,3,0,48.0,51.0,54.0,59.333333333333336,17.097758137642877
79.0,435.3764553218818,327.891694095649,325.6496636045482,153.37751869343836,12.445439879819192,352.9633718212985,4,0,79.0,48.0,51.0,68.66666666666667,17.897858344878383
36.0,6.869948971992616,34.673116405432374,21.348265617274087,9.824182934802998,0.9179380408196636,46.54083082277444,5,0,79.0,79.0,48.0,64.66666666666667,24.8260615751539
37.0,8.560861975135612,36.62542191115541,9.340997527023298,3.703568210382813,0.5969392595873818,29.512428600892964,6,0,36.0,79.0,79.0,50.666666666666664,24.5424801789333
36.0,10.469293362589596,19.970172145246213,14.710601017331996,8.340710529981953,0.8934610366767894,46.779615366072576,7,0,37.0,36.0,79.0,36.333333333333336,0.5773502691907164
39.0,5.622931786231466,22.033757885323368,16.07202164280507,8.067118698411862,0.7277334188048563,17.829890017338975,8,0,36.0,37.0,36.0,37.333333333333336,1.5275252316523416
54.0,43.8196221079983,57.757870501763165,53.170481409765856,11.442898690125832,1.7169666518975473,55.64916604961498,9,0,39.0,36.0,37.0,43.0,9.643650760993
73.0,21.456767824978893,49.63902968666705,64.5370739710203,15.364082694480032,1.9567498591692063,87.66139905857068,10,0,54.0,39.0,36.0,55.333333333333336,17.03917055884275
78.0,28.02119244189314,72.24621980471909,39.82164069713146,13.943180957470007,1.691014656533534,70.3338343102057,11,0,73.0,54.0,39.0,68.33333333333333,12.662279942148363
60.0,33.73596004685055,51.20410893577415,69.47323340037889,11.790414657756816,0.5321579526231308,87.45356215891138,12,0,78.0,73.0,54.0,70.33333333333333,9.291573243177531
36.0,14.701891169480852,22.160841905451697,9.135616828704231,3.841965455623548,0.151846283947309,13.232171467368076,13,0,60.0,78.0,73.0,58.0,21.07130750570548
36.0,7.415408105775388,30.46570610354619,6.434150427503711,8.599126093017894,0.8119746170896586,23.065353869321537,14,0,36.0,60.0,78.0,44.0,13.856406460551051
38.0,8.988665316928966,21.236493458795103,10.294349937425258,6.464770489629927,0.8444952357315663,47.97939444963108,15,0,36.0,36.0,60.0,36.666666666666664,1.154700538379838
36.0,8.080313866249007,20.09665293707004,14.797753821504749,9.845017166620035,0.9773226213794524,21.950023067327837,16,0,38.0,36.0,36.0,36.666666666666664,1.154700538379838
47.0,6.814545481661317,10.086982867677149,24.4900196399158,6.651070479063196,0.4985605439415582,23.497408145654347,17,0,36.0,38.0,36.0,40.333333333333336,5.859465277082414
42.0,17.255154693680346,26.267646619527557,18.53582532150224,9.738909644409809,0.1334493385053219,16.54188735403778,18,0,47.0,36.0,38.0,41.666666666666664,5.507570547286201
42.0,13.11633246472322,26.92974635042632,14.196901791186583,9.001220622196442,0.2054259438032959,27.869484164796617,19,0,42.0,47.0,36.0,43.666666666666664,2.8867513459482974
42.0,8.882679169534818,12.301196952520906,16.64612086198492,8.713492813782945,0.4003682062878024,41.69847071102715,20,0,42.0,42.0,47.0,42.0,0.0
57.0,46.05553431946393,73.00648033063521,30.44607695487898,13.14875984064632,1.7130343684819984,74.84027440041145,21,0,42.0,42.0,42.0,47.0,8.66025403784443
53.0,38.66425275599644,55.41775411226652,66.93148406761867,11.9202921747151,0.9348883783787134,53.968867314221335,22,0,57.0,42.0,42.0,50.666666666666664,7.767453465154064
53.0,37.53806091030837,56.03751042196849,63.62538314066844,17.053299340405204,1.540086730326847,56.2613949041882,23,0,53.0,57.0,42.0,54.333333333333336,2.3094010767585753
79.0,497.3804420018325,463.2673454840837,495.4573116770065,141.19227818782548,10.291924736767175,389.8929366225904,24,0,53.0,53.0,57.0,61.666666666666664,15.011106998930266
79.0,322.696713175504,540.4489081422294,445.3946942830065,166.58329391060747,12.885967312264643,355.9147420681949,1,1,79.0,53.0,53.0,70.33333333333333,15.011106998930249
64.0,37.50780291889737,41.0255727167164,55.33864818538993,17.452432176710193,0.5963772531421354,61.98787047642003,2,1,79.0,79.0,53.0,74.0,8.660254037844334
36.0,13.504976756761746,34.75024318569129,12.267233819414852,2.1447635962176683,0.168407490102135,27.28572103374119,3,1,64.0,79.0,79.0,59.666666666666664,21.825062046494466
37.0,9.532383318489668,13.091469364334143,9.307633477966892,4.688149200920295,0.5152274935937561,25.902010193479267,4,1,36.0,64.0,79.0,45.666666666666664,15.88500340992516
36.0,5.4653860703871215,14.439655683570528,15.831980583654657,6.302647651501819,0.7202121056341314,13.862945315318292,5,1,37.0,36.0,64.0,36.333333333333336,0.5773502691906426
38.0,8.703930636509554,16.249466222042287,11.960827718584142,3.227303880879509,0.3168272772977164,17.398651312021837,6,1,36.0,37.0,36.0,37.0,1.0000000000005675
37.0,7.40912690561063,22.747788592881484,22.519119188530148,8.749289927884263,0.8024844151466376,37.49775347515759,7,1,38.0,36.0,37.0,37.0,1.0000000000005675
40.0,10.351119388669172,22.110934169572808,28.98304264826608,7.615693200197439,0.8379832897733349,19.073479769998613,8,1,37.0,38.0,36.0,38.333333333333336,1.5275252316522938
37.0,14.414789963536254,20.71671939038007,29.18749251570397,7.65576771964994,0.2815688427064341,26.63296401784073,9,1,40.0,37.0,38.0,38.0,1.7320508075691896
47.0,14.863142123150306,30.113600986922204,7.178442661313277,5.249451456605913,0.9190803701100676,45.34564992289029,10,1,37.0,40.0,37.0,41.333333333333336,5.131601439446972
37.0,11.266218081261025,11.953152280582742,17.946372236704747,6.005845792708488,0.8674047516273968,41.61308558610888,11,1,47.0,37.0,40.0,40.333333333333336,5.77350269189634
41.0,10.840969846888964,17.101391964049096,5.497834655396312,8.44241678770786,0.2267267537601212,30.81907193816263,12,1,37.0,47.0,37.0,41.666666666666664,5.033222956847254
38.0,16.50623905943913,33.596678005031094,8.278407579073185,5.667708797588379,0.7393859610087085,46.40171529763433,13,1,41.0,37.0,47.0,38.666666666666664,2.0816659994663866
38.0,5.499081530038491,17.90536493717918,6.720293218422905,9.90535117304824,0.419490311423541,46.801196392319056,14,1,38.0,41.0,37.0,39.0,1.7320508075691774
51.0,28.938977466680196,64.48065357941425,43.89488367781638,15.682731511409829,0.959107216820122,59.842887370395246,15,1,38.0,38.0,41.0,42.333333333333336,7.505553499465193
79.0,32.592614516119866,69.26418273629409,63.21986000217343,15.545569721099897,1.6432251046358188,93.26863433428358,16,1,51.0,38.0,38.0,56.0,20.952326839756964
70.0,44.53630119871781,50.891674659529336,50.70539026096611,11.983004273076451,1.550169660629297,58.66550192515926,17,1,79.0,51.0,38.0,66.66666666666667,14.29452109492769
42.0,11.218904555546526,31.543804309040347,9.00793029416419,6.0659937452734125,0.7205446524095,43.41058483611258,18,1,70.0,79.0,51.0,63.666666666666664,19.295940851208393
37.0,5.8389256180540485,13.187881678365835,20.020281588509164,4.140412039186228,0.1702644024191835,10.071690414534098,19,1,42.0,70.0,79.0,49.666666666666664,17.78576209593881
39.0,7.912858103120525,10.658250596146464,22.344535234249108,7.449631401887797,0.8171587143917466,41.909447486619584,20,1,37.0,42.0,70.0,39.333333333333336,2.5166114784237767
39.0,16.655370778771598,17.578833803564272,27.218873424456923,6.3445138195029935,0.2543208869253353,35.02456587358495,21,1,39.0,37.0,42.0,38.333333333333336,1.1547005383796969
45.0,9.754433488256314,23.49189843994809,25.64184329693758,7.900640095985631,0.3956667892977317,13.98985425767302,22,1,39.0,39.0,37.0,41.0,3.4641016151378805
51.0,21.52338715222125,58.45955674605303,50.718105583442735,16.639963668777263,0.6624127724021038,56.17624775778528,23,1,45.0,39.0,39.0,45.0,6.000000000000052
58.0,32.417449172482364,73.03770137570177,39.20916005629589,17.313168470285497,0.5083609326988753,60.12819010542107,24,1,51.0,45.0,39.0,51.333333333333336,6.506407098647733
56.0,21.05368915877149,76.75160618737169,55.73794025587643,17.058151551049924,0.7363721861947325,91.4734365536588,1,1,58.0,51.0,45.0,55.0,3.6055512754640002
43.0,17.913818271084534,11.690817035998275,5.848271234866338,5.254537955599123,0.7940406836024408,16.741555043419112,2,1,56.0,58.0,51.0,52.333333333333336,8.14452781524709
37.0,7.967817742637433,35.46321175614009,26.416837130199035,4.966496391647478,0.6355176258158067,17.3749438719588,3,1,43.0,56.0,58.0,45.333333333333336,9.71253485622234
38.0,15.249573643635175,25.650891298345243,18.511906300901785,6.319092924185041,0.8270551412104893,16.79549105784623,4,1,37.0,43.0,56.0,39.333333333333336,3.214550253664459
36.0,9.706450070229572,39.00744493436247,9.734981270620864,5.337674044031674,0.9261719318744438,43.02764678037296,5,1,38.0,37.0,43.0,37.0,1.0000000000005151
37.0,10.40141035976826,12.404236715078568,14.35451047832635,9.824544768288568,0.4652522436166045,42.18742173018649,6,1,36.0,38.0,37.0,37.0,1.0000000000005151
36.0,15.400714134891397,33.831673652686746,25.90035356334581,6.094396100274508,0.3057245709115562,46.29205828287012,7,1,37.0,36.0,38.0,36.333333333333336,0.5773502691905519
39.0,11.722191910174589,15.924903592137428,7.370741552465621,2.4609982168325555,0.5934611752292811,18.12112000222476,8,1,36.0,37.0,36.0,37.333333333333336,1.5275252316522794
38.0,14.200656850103622,31.53442516517144,7.075271336783374,2.5074987709283,0.3262709813591447,18.57903958025896,9,1,39.0,36.0,37.0,37.666666666666664,1.5275252316522732
37.0,10.510354494100408,22.406992025638253,11.810692347544354,6.193539911158274,0.5498846920027579,26.524922946000867,10,1,38.0,39.0,36.0,38.0,1.0000000000004903
36.0,11.21425558620238,10.151605271227428,28.810799254930597,6.731460732572333,0.6248552148311344,49.35594293753684,11,1,37.0,38.0,39.0,37.0,1.0000000000005205
36.0,8.510377043324173,22.158336605046365,7.458717559977044,2.299473769859885,0.6600055052457735,40.45060742212952,12,1,36.0,37.0,38.0,36.333333333333336,0.5773502691905611
38.0,18.302104673802702,13.307337763895273,25.369345760986445,7.639452775150502,0.6955370065044568,22.4729883368977,13,1,36.0,36.0,37.0,36.666666666666664,1.1547005383797104
37.0,14.279151410197851,16.968405631761375,16.266063671674853,3.776809760341089,0.5964963157298817,26.01959053841645,14,1,38.0,36.0,36.0,37.0,1.0000000000005205
36.0,8.93553729589145,17.68171346713149,21.46495341827997,2.661819252466312,0.7745762995871175,19.020925704674816,15,1,37.0,38.0,36.0,37.0,1.0000000000005205
36.0,5.234758730000087,24.39176576375882,11.370822383267392,3.0938792368117767,0.7430749447530256,48.26946388210385,16,1,36.0,37.0,38.0,36.333333333333336,0.5773502691905611
37.0,15.644796254086838,29.869500515221485,18.84662723973541,6.840340812775874,0.1658744191079483,42.41380137734602,17,1,36.0,36.0,37.0,36.333333333333336,0.5773502691905611
37.0,16.98957036160005,37.36346588553361,16.913843750049814,8.901763997553735,0.5752259790658579,26.326056210835254,18,1,37.0,36.0,36.0,36.666666666666664,0.5773502691905452
37.0,7.767593462240235,20.78291900990832,28.838135786878567,5.677336801473768,0.7356774467118761,38.71176448343991,19,1,37.0,37.0,36.0,37.0,0.0
38.0,10.653188994840216,21.23967372035857,7.83913773864142,6.105105355901941,0.5618347276188516,14.70226898517376,20,1,37.0,37.0,37.0,37.333333333333336,0.5773502691905134
37.0,10.862684316248316,34.583675389249024,13.737173928103113,7.694597240489334,0.5014076665809677,20.11939948345905,21,1,38.0,37.0,37.0,37.333333333333336,0.5773502691905134
37.0,14.69187453094625,26.28124508309176,18.813566069007425,4.055318475027662,0.6387157504512304,15.521510431577823,22,1,37.0,38.0,37.0,37.333333333333336,0.5773502691905134
37.0,16.53596213720018,21.56029712391436,25.823446910203845,5.550876087478404,0.8563342239614868,45.708233535072594,23,1,37.0,37.0,38.0,37.0,0.0
37.0,5.012457822217151,21.824974744458125,7.683486896685255,4.464015627545396,0.3450969896409064,21.991150094613054,24,1,37.0,37.0,37.0,37.0,0.0
40.0,9.66523105450232,16.86920287790556,22.665414916182456,9.56725279026046,0.3662339334829798,14.544644654094323,1,0,37.0,37.0,37.0,38.0,1.732050807569161
38.0,15.838225967845222,13.354370704099788,9.32507238537218,5.427941667519984,0.2097020030622456,23.244801108102404,2,0,40.0,37.0,37.0,38.333333333333336,1.5275252316522612
40.0,8.234341120151269,18.288073650921795,11.501918362196523,8.440628202806831,0.8365318232024117,27.33700172267433,3,0,38.0,40.0,37.0,39.333333333333336,1.1547005383796447
39.0,11.251488597783233,30.77723332642876,24.92499365999583,7.36013549294656,0.4978845768462571,27.573281377136134,4,0,40.0,38.0,40.0,39.0,1.0000000000004627
39.0,13.148291571506668,32.238369953595765,23.51647024945612,2.5933345267038392,0.9381017326625424,20.759186874135622,5,0,39.0,40.0,38.0,39.333333333333336,0.577350269190409
40.0,8.52404440866615,16.863803213388753,5.620176041185938,7.512930247538911,0.955181058956202,16.09382828969888,6,0,39.0,39.0,40.0,39.333333333333336,0.577350269190409
37.0,11.695778328255605,30.20969848628025,16.78494438586969,3.84787113667809,0.4441691317322496,43.58775289334692,7,0,40.0,39.0,39.0,38.666666666666664,1.5275252316522554
37.0,19.116753872773558,14.82171082458104,13.809217517975574,8.759280761444074,0.7786829556210975,42.05015671494175,8,0,37.0,40.0,39.0,38.0,1.732050807569161
39.0,10.82819716925244,17.994190283047324,20.13788859904532,3.2200030889911586,0.2637231815050627,39.42623306705047,9,0,37.0,37.0,40.0,37.666666666666664,1.154700538379687
43.0,9.518734732280333,31.32349506726176,12.746008542966315,6.954537703216671,0.7582030027360475,40.28227546553031,10,0,39.0,37.0,37.0,39.666666666666664,3.055050463304039
43.0,18.4214539015979,11.560786134751002,27.69002693188209,2.5950240463323286,0.951154585914155,13.812725623437796,11,0,43.0,39.0,37.0,41.666666666666664,2.3094010767586712
38.0,6.824880642319473,37.82013218570293,13.02983869740799,3.8171415058892064,0.9795744403285168,38.1745371076756,12,0,43.0,43.0,39.0,41.333333333333336,2.886751345948266
37.0,9.63010796714022,25.964852248183565,19.59079546082516,3.1133361041368888,0.232975734686673,49.945641498211984,13,0,38.0,43.0,43.0,39.333333333333336,3.214550253664458
37.0,19.278005249417426,34.50201996068515,9.39483674561938,6.832165344850663,0.4763522337140375,39.54950612914692,14,0,37.0,38.0,43.0,37.333333333333336,0.5773502691904949
38.0,12.053372006772635,34.29558131629015,14.233581813770504,3.542802498076451,0.7432333583958428,28.249653070299946,15,0,37.0,37.0,38.0,37.333333333333336,0.5773502691904949
37.0,5.6852675626609415,12.016198542266162,20.67488069327089,7.940742501670961,0.976677810610732,42.83801955501522,16,0,38.0,37.0,37.0,37.333333333333336,0.5773502691904949
36.0,13.064206010115315,34.45852719954056,19.688528153168765,6.298968048742456,0.1409184946013016,15.465304075966204,17,0,37.0,38.0,37.0,37.0,1.0000000000005125
37.0,15.34385380635074,10.579711757910822,8.635011638429486,4.727100872792462,0.3132495921813751,42.7395634753896,18,0,36.0,37.0,38.0,36.666666666666664,0.5773502691905313
36.0,15.71994067452884,28.438552268047737,15.068389557618424,7.25890511984918,0.2221277129794192,14.833547139304631,19,0,37.0,36.0,37.0,36.333333333333336,0.5773502691905472
37.0,16.854073730447183,38.48281295366104,26.93444173267683,9.66569872894102,0.7302245095779131,14.199018129542589,20,0,36.0,37.0,36.0,36.666666666666664,0.5773502691905313
37.0,9.684078463858762,10.975732386850703,8.556828196294514,5.429677260530211,0.7210698222199304,25.872571210744148,21,0,37.0,36.0,37.0,36.666666666666664,0.5773502691905313
37.0,5.149636099287322,11.318232508346584,6.67412348849027,5.500786878821787,0.1361094318591407,16.5153602292144,22,0,37.0,37.0,36.0,37.0,0.0
37.0,13.208705982414736,13.726435052641593,12.355242969200056,4.148701114845313,0.4849737375182573,37.788407896234446,23,0,37.0,37.0,37.0,37.0,0.0
37.0,16.719638675864612,30.510188380443225,7.958029062932685,3.699628547374135,0.2098733757676662,27.90757090033582,24,0,37.0,37.0,37.0,37.0,0.0
36.0,14.718197113568248,10.980249282638797,22.45732395154293,8.82279916095052,0.6243044416557,44.608200429001016,1,0,37.0,37.0,37.0,36.666666666666664,0.5773502691905313
38.0,5.92343181533188,28.45999758926981,29.505443037467007,6.888066711837263,0.3815382734214902,18.55653170247049,2,0,36.0,37.0,37.0,37.0,1.0000000000005125
38.0,6.648370689778751,33.52726685207014,18.791929622896543,2.6857772356214635,0.7601632615883906,30.378564367984097,3,0,38.0,36.0,37.0,37.333333333333336,1.1547005383796876
36.0,5.5671884673290535,37.66281266323527,23.3100593706584,2.3221089061651483,0.8813237396922122,40.142388419384886,4,0,38.0,38.0,36.0,37.333333333333336,1.1547005383796876
36.0,8.27870596406006,32.52640905238725,29.721243265265656,7.197205985610244,0.5956269372976307,32.49357298190139,5,0,36.0,38.0,38.0,36.666666666666664,1.1547005383797035
37.0,7.348524494005184,15.1105109616918,23.200318136555463,3.897490778093085,0.9197812347002337,33.578734642669545,6,0,36.0,36.0,38.0,36.333333333333336,0.5773502691905472
37.0,13.476336277225284,21.795819281838725,9.245505799704627,5.840952748385505,0.8210092113852852,20.428942229911517,7,0,37.0,36.0,36.0,36.666666666666664,0.5773502691905313
37.0,19.88631403215313,26.243675848085907,16.31796758459336,4.123053763691356,0.5604525391007821,37.75976107541453,8,0,37.0,37.0,36.0,37.0,0.0
42.0,12.689426266938309,14.247057143137956,10.975904381464424,5.715895731512051,0.5339327386926461,18.995135818404464,9,0,37.0,37.0,37.0,38.666666666666664,2.8867513459482903
46.0,14.252281223267271,32.81292064003331,11.964028810647555,9.467969561823669,0.7266008280001244,43.99451499808548,10,0,42.0,37.0,37.0,41.666666666666664,4.509249752822979
47.0,13.252809211500804,24.00910961438021,21.68914033116129,5.282752509605452,0.5789506775583038,21.72720241378599,11,0,46.0,42.0,37.0,45.0,2.645751311064698
45.0,5.232334629236474,22.310698456379495,15.80762699243398,2.780262417551805,0.2361983296764579,10.16539641163309,12,0,47.0,46.0,42.0,46.0,1.000000000000254
45.0,10.404876453784276,20.172845755666213,19.08644886531086,8.105052765235776,0.5862343458117072,35.107349587493914,13,0,45.0,47.0,46.0,45.666666666666664,1.1547005383794797
40.0,16.717139746954572,10.139448371438744,28.54665974241313,4.376797459893414,0.765983079124261,21.083904227655047,14,0,45.0,45.0,47.0,43.333333333333336,2.8867513459482423
41.0,8.338939187252592,25.349682770326822,15.6565495283686,7.120047483848537,0.9058296694706688,36.15637394528494,15,0,40.0,45.0,45.0,42.0,2.6457513110647284
37.0,12.443453763844335,22.43199080344269,8.100245017589751,2.847810467054855,0.700487978298685,22.326491490061127,16,0,41.0,40.0,45.0,39.333333333333336,2.0816659994663445
36.0,17.941544875817332,11.259998451798127,12.192445644800475,7.443923178491341,0.2023301335839719,17.932825606103933,17,0,37.0,41.0,40.0,38.0,2.645751311064772
39.0,16.817381598920534,12.265680453455438,6.347191727122688,3.737773602923311,0.8970149150049427,42.95292058425237,18,0,36.0,37.0,41.0,37.333333333333336,1.5275252316522758
40.0,7.940866828242937,14.883316619145385,5.586148046878917,9.587999826929424,0.7714026209452036,20.704930699014792,19,0,39.0,36.0,37.0,38.333333333333336,2.0816659994663618
38.0,8.195432584719036,35.29844270737307,16.460275239885828,3.1293096666576945,0.1343522310201597,49.82879168992309,20,0,40.0,39.0,36.0,39.0,1.0000000000004605
37.0,12.866019488278848,36.433064520976345,5.013484308272188,8.826701646695732,0.9254752208795096,35.386558605521145,21,0,38.0,40.0,39.0,38.333333333333336,1.5275252316522596
48.0,5.700308181125092,13.719979503322811,27.02769055429252,4.933358839248869,0.4986125671859978,23.93216749483869,22,0,37.0,38.0,40.0,41.0,6.082762530298284
58.0,23.981636240356643,46.03995751060774,55.37274080094712,16.281138525645602,1.4192066171582525,77.8364764526183,23,0,48.0,37.0,38.0,47.666666666666664,10.503967504392506
67.0,39.27505046403086,71.18259219951149,46.00490364822839,14.210890359851115,0.5962263784262769,80.80830715453497,24,0,58.0,48.0,37.0,57.666666666666664,9.50438495292216
69.0,26.99513579956089,77.66019692366203,67.8006756546574,19.204017177758107,1.1190815383855253,68.84688923862562,1,0,67.0,58.0,48.0,64.66666666666667,5.859465277082267
71.0,48.44087933337112,65.40208419444667,57.83302973433464,18.066112485700096,1.0706154908021546,55.88758210793237,2,0,69.0,67.0,58.0,69.0,1.9999999999997993
71.0,41.55173248033563,65.76854915978578,41.89670189299388,11.550794362860325,1.862777338450182,92.98431048814696,3,0,71.0,69.0,67.0,70.33333333333333,1.154700538378873
73.0,46.87951982115784,45.27386745860301,37.35217821958378,16.647846590930996,1.1202748666395,84.21288089674471,4,0,71.0,71.0,69.0,71.66666666666667,1.1547005383788382
73.0,32.6387511279878,61.0687537136816,43.851087621516605,17.437073946174312,1.3342493571354554,62.274171776355736,5,0,73.0,71.0,71.0,72.33333333333333,1.1547005383788207
62.0,42.81337166130911,60.21249546588874,60.2519002021891,17.963105746019934,1.239412678174794,57.31921905216149,6,0,73.0,73.0,71.0,69.33333333333333,6.35085296108582
52.0,27.99837892928997,46.78955585720399,54.73498099012104,10.951135212612837,1.7292680058000445,66.5671209851026,7,0,62.0,73.0,73.0,62.333333333333336,10.503967504392469
41.0,16.606105267165784,26.95196022319492,13.026061564184564,2.575102194622767,0.6073765681918801,20.79488082028365,8,0,52.0,62.0,73.0,51.666666666666664,10.503967504392497
38.0,14.877225986132055,35.69183241036531,25.5926502886088,6.98634095378135,0.8376594688580685,40.36662155177537,9,0,41.0,52.0,62.0,43.666666666666664,7.371114795832038
39.0,14.6036380791261,36.04135754792744,8.271400479142548,3.767734166335156,0.4196691566170033,33.18744547292103,10,0,38.0,41.0,52.0,39.333333333333336,1.5275252316522403
45.0,18.69453042984028,28.397342472995334,18.41035512585528,9.397935913399426,0.5088280435126128,30.94079972079556,11,0,39.0,38.0,41.0,40.666666666666664,3.7859388972002903
55.0,46.91307149203108,73.19481413818427,66.53906963827475,18.26880545341976,1.0153364659335815,66.82481006954023,12,0,45.0,39.0,38.0,46.333333333333336,8.082903768654791
61.0,34.38280989093421,74.74968864103744,47.18534289607268,13.120077417401236,1.574378610744693,84.79444377746094,13,0,55.0,45.0,39.0,53.666666666666664,8.082903768654766
63.0,37.38974010093194,64.74665650861962,63.98907201857766,15.554232353441638,1.561384450156533,78.44930964639124,14,0,61.0,55.0,45.0,59.666666666666664,4.163331998932236
59.0,40.75521961698425,70.3673189305556,30.01965617514964,10.840379909102865,1.3014205125164258,55.69790852828712,15,0,63.0,61.0,55.0,61.0,1.99999999999992
36.0,13.569407621244288,27.40445447697563,29.885154113291787,6.034342692965351,0.819498668133027,43.207858954581006,16,0,59.0,63.0,61.0,52.666666666666664,14.571661996262934
42.0,12.850093241136031,38.47160161913918,5.573815718349893,3.195452402843615,0.8062522561099894,25.80456402357416,17,0,36.0,59.0,63.0,45.666666666666664,11.930353445448876
43.0,7.339938862145483,31.972444117863603,24.072994976658507,5.214796751355731,0.5164538060740013,26.616080290269217,18,0,42.0,36.0,59.0,40.333333333333336,3.7859388972002965
46.0,13.98002499716894,22.632746177808137,10.157094951592462,5.863028507189659,0.553616650672045,49.573692799362334,19,0,43.0,42.0,36.0,43.666666666666664,2.081665999466297
42.0,6.998827793268266,35.42869272378017,17.164969892948122,4.775935927780891,0.1696313576905068,36.19922048484194,20,0,46.0,43.0,42.0,43.666666666666664,2.081665999466297
60.0,23.207419435614423,67.19156745733156,55.09769881777693,15.06778098420938,1.7547889235823773,84.88610915190525,21,0,42.0,46.0,43.0,49.333333333333336,9.451631252505237
63.0,42.28789554874949,49.79655249638303,53.62092618816674,18.693291849333463,1.648885154658732,92.58507845285877,22,0,60.0,42.0,46.0,55.0,11.357816691600549
48.0,8.39130104383742,21.763790025216064,12.53959010980538,3.17385316717559,0.2025570697479808,33.34254929985031,23,0,63.0,60.0,42.0,57.0,7.937253933193768
45.0,6.244984634209397,39.33550621835587,21.286610303251397,4.620851985496335,0.3613635089593892,26.81070293263909,24,0,48.0,63.0,60.0,52.0,9.643650760992967
40.0,18.04151940596443,28.07937359442545,6.545401823982595,3.4068701029125723,0.1084604694208621,37.54840437190518,1,0,45.0,48.0,63.0,44.333333333333336,4.041451884327463
41.0,9.945216466321243,22.61225623216246,6.674490237436174,2.114728429639229,0.9140205971761411,12.089603109676954,2,0,40.0,45.0,48.0,42.0,2.6457513110647413
43.0,15.178168125003618,21.27451710838096,13.988625541254288,7.569990829224589,0.5642441067887206,32.74154278892261,3,0,41.0,40.0,45.0,41.333333333333336,1.527525231652223
41.0,9.892249204030495,18.525115507075697,17.279968169075552,5.249072193737185,0.4617230008056953,21.70993363934661,4,0,43.0,41.0,40.0,41.666666666666664,1.1547005383796098
42.0,15.095786587789636,30.52381810601256,19.520829667286957,7.897210009061343,0.93550347372621,27.827273491247432,5,0,41.0,43.0,41.0,42.0,1.0000000000004041
44.0,8.147468237346516,36.35535297041104,28.36403802428629,7.2489984341793825,0.3694242021685016,18.779838393746758,6,0,42.0,41.0,43.0,42.333333333333336,1.5275252316522068
45.0,18.02726270775945,23.6047935851794,28.40600078947908,7.532334943074805,0.4681476275443721,19.33383710223113,7,0,44.0,42.0,41.0,43.666666666666664,1.5275252316521828
43.0,15.19662793739412,19.08182575889617,15.544848083314504,6.033400727373203,0.2154076141603909,10.425242981729411,8,0,45.0,44.0,42.0,44.0,1.0000000000003522
43.0,9.043229891499188,18.152681058457347,24.978489385518365,4.9702007966582205,0.4012200225198086,17.064861190911724,9,0,43.0,45.0,44.0,43.666666666666664,1.1547005383795648
47.0,12.756388801800892,13.008448223257563,22.54127353558447,5.317727167048826,0.2564264019622311,29.862317316910776,10,0,43.0,43.0,45.0,44.333333333333336,2.3094010767586526
42.0,10.65716179783816,16.644189269336504,29.425968674320668,9.233399262654196,0.9447431489451812,24.944240347870323,11,0,47.0,43.0,43.0,44.0,2.6457513110647257
38.0,16.09410816469326,17.21175865166962,15.544148502315943,8.695684202640628,0.8967715552736857,30.27303225977008,12,0,42.0,47.0,43.0,42.333333333333336,4.509249752822983
37.0,9.646907862899564,24.35859673670423,21.871189232900665,7.183922652217223,0.1415280395750818,32.86434206541177,13,0,38.0,42.0,47.0,39.0,2.6457513110647772
45.0,8.15649152793664,16.33486975514205,21.3739182584096,3.600679975079752,0.7686857986736397,14.225165996507664,14,0,37.0,38.0,42.0,40.0,4.358898943540781
50.0,17.72187255889393,39.4087459554114,22.592396414629864,5.933505123290064,0.606122270912056,39.345842425756345,15,0,45.0,37.0,38.0,44.0,6.557438524302053
48.0,18.832311993095477,23.005024082946484,13.678119696642431,7.083198809545353,0.9862698217406628,19.935660328617143,16,0,50.0,45.0,37.0,47.666666666666664,2.516611478423676
46.0,17.352777343909953,29.418436271439703,11.214845284644088,4.366082479742799,0.7929524244423573,45.64299329240727,17,0,48.0,50.0,45.0,48.0,2.000000000000113
45.0,5.485719920224698,16.5003291331265,26.168044694267724,7.251884542478515,0.8985118614321351,11.979538080142756,18,0,46.0,48.0,50.0,46.333333333333336,1.5275252316521257
42.0,12.971402615114954,11.81399412073311,28.9971243508598,5.213399832023509,0.6183763564259439,29.591047243849857,19,0,45.0,46.0,48.0,44.333333333333336,2.0816659994662894
38.0,17.509855799390238,11.00046270984468,14.891674437439994,7.2203727237452755,0.1183883152538292,25.83883092382949,20,0,42.0,45.0,46.0,41.666666666666664,3.5118845842843602
48.0,5.110007607531494,34.31893430532854,5.843150382530148,7.123071798352315,0.250493870496215,39.53250345268366,21,0,38.0,42.0,45.0,42.666666666666664,5.033222956847241
60.0,23.097471697102943,48.810944107336525,31.393749247361647,12.892847239312944,1.0279567202012747,94.3659932578356,22,0,48.0,38.0,42.0,48.666666666666664,11.015141094572222
79.0,44.79994854073156,62.523236692274,61.05740505038083,14.741139325638116,1.127450878940307,59.97191476748232,23,0,60.0,48.0,38.0,62.333333333333336,15.631165450257795
79.0,26.71470734446712,48.2978189392767,61.3285731171476,11.895879364274588,1.6430405936055514,74.80947236317748,24,0,79.0,60.0,48.0,72.66666666666667,10.969655114602848
69.0,37.79301222863632,64.46834217598969,59.89395090860549,12.661723052062989,1.3519637202609154,94.56749914527131,1,0,79.0,79.0,60.0,75.66666666666667,5.773502691896163
59.0,21.7534690994163,70.3498024752996,43.26919613519375,11.035313164436124,0.765312448879395,92.04035072827745,2,0,69.0,79.0,79.0,69.0,9.999999999999963
48.0,18.59330452687115,35.97537830782262,16.84151087897164,7.815450033204839,0.6183422875599446,22.3248809610436,3,0,59.0,69.0,79.0,58.666666666666664,10.503967504392477
41.0,12.667252740369348,20.264746538558864,16.097531120062122,8.747524900806173,0.1041116590147222,16.968396554430075,4,0,48.0,59.0,69.0,49.333333333333336,9.073771725877483
37.0,10.215074623802328,38.43330270988467,7.701511113478341,7.226702366339109,0.3128079875345886,39.57595993836705,5,0,41.0,48.0,59.0,42.0,5.567764362830088
37.0,15.673825143707818,14.889378678555328,18.265547493197168,6.23816063117115,0.6249954312778787,43.10003769733787,6,0,37.0,41.0,48.0,38.333333333333336,2.309401076758709
38.0,5.5989615244868265,11.855758922482584,19.280126670313397,8.298191694649711,0.2653025214154839,44.018336421181445,7,0,37.0,37.0,41.0,37.333333333333336,0.5773502691904965
38.0,7.173402576967366,27.437040761147387,8.90114309519572,3.5461058283852545,0.8099431062173355,31.1912055771126,8,0,38.0,37.0,37.0,37.666666666666664,0.5773502691904806
36.0,9.812105078052316,30.75444327505013,12.35256196109097,7.224414382506129,0.4514198983442951,41.81538489564407,9,0,38.0,38.0,37.0,37.333333333333336,1.154700538379686
36.0,15.09658172674431,10.9872080504753,16.842556757165084,7.275396616426738,0.8884548495134085,13.81559170547836,10,0,36.0,38.0,38.0,36.666666666666664,1.154700538379702
37.0,9.870427569909824,35.28447996020608,7.36061682450349,2.882784678479398,0.4599313383189379,15.406985277893126,11,0,36.0,36.0,38.0,36.333333333333336,0.5773502691905441
36.0,15.960265513962232,25.72019234193229,29.47294302219688,2.7730080602628355,0.968534643286766,33.56490471724203,12,0,37.0,36.0,36.0,36.333333333333336,0.5773502691905441
36.0,6.759684874079191,29.09440606917332,6.716449986531601,9.68136115102242,0.6618698775750427,13.048765163359205,13,0,36.0,37.0,36.0,36.333333333333336,0.5773502691905441
36.0,6.497600565230535,15.121046990084617,12.796541007405056,5.709828175121542,0.5958659640161479,31.317179304401392,14,0,36.0,36.0,37.0,36.0,0.0
39.0,11.791381524335495,27.35413245351729,28.79706048013413,8.521700340945188,0.1556616271661434,43.6451747693778,15,0,36.0,36.0,36.0,37.0,1.7320508075691712
41.0,14.701671683605207,33.192280491165434,15.711891613571584,5.08222174248137,0.6528294292061918,10.478992147834344,16,0,39.0,36.0,36.0,38.666666666666664,2.5166114784237665
43.0,10.777419054147972,14.023040383438936,14.370596314248,8.82043745241662,0.1139888267480091,33.00037162144822,17,0,41.0,39.0,36.0,41.0,2.0000000000001963
47.0,11.10109152204559,29.7148195618992,18.505036194711337,6.193458308450869,0.6108469337445755,15.64945981730662,18,0,43.0,41.0,39.0,43.666666666666664,3.0550504633039965
52.0,33.082600896372554,54.294535722707856,58.0686340140758,14.541881516920988,1.3915689606032362,64.77957795627111,19,0,47.0,43.0,41.0,47.333333333333336,4.509249752822942
48.0,14.628934221965745,13.493944714272477,13.664864938220282,8.468332907817167,0.6560017751951465,11.65225292540034,20,0,52.0,47.0,43.0,49.0,2.6457513110646556
51.0,27.522125555570103,73.5519868794138,38.17787168900512,18.186906916335325,0.6656400654099808,89.44856436704413,21,0,48.0,52.0,47.0,50.333333333333336,2.081665999466196
54.0,43.62354294950379,53.35026498239367,47.80561901819912,15.883919854566123,1.649192222705398,71.38790188159854,22,0,51.0,48.0,52.0,51.0,3.0000000000000364
50.0,17.05116667557327,27.418204178955754,11.860829161511193,7.201285898491294,0.5015057926304803,40.14251947834964,23,0,54.0,51.0,48.0,51.666666666666664,2.081665999466175
46.0,6.423763777509581,36.8832572715608,27.9102610028643,6.007269156845025,0.3990278171357022,16.852890667782432,24,0,50.0,54.0,51.0,50.0,4.000000000000035
39.0,14.153127031696812,30.83488461624489,27.11555689073154,3.940920610361129,0.7460458405662614,24.008278414367265,1,1,46.0,50.0,54.0,45.0,5.567764362830074
38.0,6.405988465140564,16.250377650909495,23.08720207447661,2.170966356020699,0.1610066424592301,38.63467445814391,2,1,39.0,46.0,50.0,41.0,4.358898943540767
38.0,16.896820354046554,32.24636081696518,29.624966660152445,2.1578553915679883,0.1262480925886893,41.54975022693529,3,1,38.0,39.0,46.0,38.333333333333336,0.5773502691904703
39.0,8.061023663915655,11.962168165019104,17.793060648682918,6.112649737082093,0.5743937878906482,31.153666975453834,4,1,38.0,38.0,39.0,38.333333333333336,0.5773502691904703
37.0,11.173781139640678,20.18998667551568,21.375962946977733,6.457531672997656,0.6755984032833123,23.12762388662386,5,1,39.0,38.0,38.0,38.0,1.0000000000004983
37.0,16.368550511898235,17.260973389565784,7.954955110041348,4.711011414744458,0.5173906716817128,34.4186948150636,6,1,37.0,39.0,38.0,37.666666666666664,1.1547005383796913
38.0,7.734882243803391,19.26105541342775,17.04687680861843,3.19571159619625,0.3736409544902317,32.13821344853213,7,1,37.0,37.0,39.0,37.333333333333336,0.5773502691905226
38.0,13.571922212351971,18.570238408589866,23.209156823832075,2.831374673034536,0.6754261299405323,20.00176466965961,8,1,38.0,37.0,37.0,37.666666666666664,0.5773502691905068
38.0,15.149965013645552,23.213677621460207,10.706213529722785,3.210577716004852,0.9799618410942986,26.33798015742885,9,1,38.0,38.0,37.0,38.0,0.0
38.0,18.356570446533453,10.154178241295686,24.879740753213586,3.0311901577884672,0.8362231897047756,36.51897666573626,10,1,38.0,38.0,38.0,38.0,0.0
37.0,6.23664200422027,22.011685406911297,21.87110649147176,9.556412457977416,0.4695971862181421,13.1793789837001,11,1,38.0,38.0,38.0,37.666666666666664,0.5773502691905068
36.0,9.851060254351212,14.089543762985388,9.892134263329146,8.747738745360135,0.7001201761967479,25.231945757268605,12,1,37.0,38.0,38.0,37.0,1.0000000000005285
38.0,15.873252114176754,18.895427131883903,5.376567126844921,7.023996838489468,0.7435489675342192,25.901420676764037,13,1,36.0,37.0,38.0,37.0,1.0000000000005285
36.0,7.990154481572429,11.10927698177999,28.93795545564161,2.452265922423462,0.6821885064357535,31.607252244630377,14,1,38.0,36.0,37.0,36.666666666666664,1.1547005383797175
36.0,9.040753261697157,28.520306897129707,22.565207914070733,8.268743956223602,0.7168466626620434,43.45559955929359,15,1,36.0,38.0,36.0,36.666666666666664,1.1547005383797175
37.0,17.01193196449238,23.926224315428257,17.824596717794627,2.481554242815536,0.238976360864732,40.244416228817286,16,1,36.0,36.0,38.0,36.333333333333336,0.577350269190575
36.0,14.30648794657812,36.6631224703933,12.549051571992694,5.967362988562908,0.5939351220806067,43.10409942573418,17,1,37.0,36.0,36.0,36.333333333333336,0.577350269190575
36.0,15.081149083396962,18.47773123389838,25.77055709955518,3.577461437843974,0.7316868301774156,20.3816909922374,18,1,36.0,37.0,36.0,36.333333333333336,0.577350269190575
37.0,10.66582373331492,15.535821227416756,12.805357843811276,3.99248707958691,0.6354245145458852,19.58405478819077,19,1,36.0,36.0,37.0,36.333333333333336,0.577350269190575
